City/Town,Lat,Long,Date,Confirmed,,,,,,,,,,,,,
Skopje,41.99646,21.4314098,2020-02-26,1,,,,,,,,,,,,,
Bitola,41.0314293,21.3347397,2020-02-26,0,,,,,,,,,,,,,
Kumanovo,42.1322212,21.7144394,2020-02-26,0,,,,,,,,,,,,,
Prilep,41.3451385,21.5550404,2020-02-26,0,,,,,,,,,,,,,
Tetovo,42.0097313,20.97155,2020-02-26,0,,,,,,,,,,,,,
Veles,41.7155609,21.7755604,2020-02-26,0,,,,,,,,,,,,,
Ohrid,41.1172218,20.8019409,2020-02-26,0,,,,,,,,,,,,,
Gostivar,41.7960091,20.9081898,2020-02-26,0,,,,,,,,,,,,,
Shtip,41.7458305,22.1958294,2020-02-26,0,,,,,,,,,,,,,
Strumica,41.4375,22.6433296,2020-02-26,0,,,,,,,,,,,,,
Kavadarci,41.4330597,22.01194,2020-02-26,0,,,,,,,,,,,,,
Struga,41.17799,20.6778393,2020-02-26,0,,,,,,,,,,,,,
Kochani,41.9163895,22.4127808,2020-02-26,0,,,,,,,,,,,,,
Ki?evo,41.5126686,20.9588604,2020-02-26,0,,,,,,,,,,,,,
Radovis,41.6383286,22.4647198,2020-02-26,0,,,,,,,,,,,,,
Kriva Palanka,42.2008781,22.3324394,2020-02-26,0,,,,,,,,,,,,,
Gevgelija ,41.1416588,22.5014095,2020-02-26,0,,,,,,,,,,,,,
Negotino,41.4845581,22.0905609,2020-02-26,0,,,,,,,,,,,,,
Resen,41.0893402,21.0109196,2020-02-26,0,,,,,,,,,,,,,
Delcevo ,41.9672203,22.7694397,2020-02-26,0,,,,,,,,,,,,,
Debar,41.5244408,20.52421,2020-02-26,0,,,,,,,,,,,,,
Vinica,41.8827782,22.5091705,2020-02-26,0,,,,,,,,,,,,,
Berovo,41.7030602,22.8577805,2020-02-26,0,,,,,,,,,,,,,
Sveti Nikole,41.8695602,21.9527397,2020-02-26,0,,,,,,,,,,,,,
Probishtip,42.0030594,22.1786098,2020-02-26,0,,,,,,,,,,,,,
Kratovo,42.0783806,22.1807003,2020-02-26,0,,,,,,,,,,,,,
Bogdanci,41.2030602,22.5755596,2020-02-26,0,,,,,,,,,,,,,
Demir Kapija,41.4061317,22.2463093,2020-02-26,0,,,,,,,,,,,,,
Makedonski Brod ,41.5136108,21.2152805,2020-02-26,0,,,,,,,,,,,,,
Krusevo,41.3688889,21.2488899,2020-02-26,0,,,,,,,,,,,,,
Valandovo,41.31744,22.5600204,2020-02-26,0,,,,,,,,,,,,,
Gradsko,41.5774994,21.9427795,2020-02-26,0,,,,,,,,,,,,,
Dojran,41.18647,22.7203007,2020-02-26,0,,,,,,,,,,,,,
Skopje,41.99646,21.4314098,2020-02-27,0,,,,,,,,,,,,,0
Bitola,41.0314293,21.3347397,2020-02-27,0,,,,,,,,,,,,,
Kumanovo,42.1322212,21.7144394,2020-02-27,0,,,,,,,,,,,,,
Prilep,41.3451385,21.5550404,2020-02-27,0,,,,,,,,,,,,,
Tetovo,42.0097313,20.97155,2020-02-27,0,,,,,,,,,,,,,
Veles,41.7155609,21.7755604,2020-02-27,0,,,,,,,,,,,,,
Ohrid,41.1172218,20.8019409,2020-02-27,0,,,,,,,,,,,,,
Gostivar,41.7960091,20.9081898,2020-02-27,0,,,,,,,,,,,,,
Shtip,41.7458305,22.1958294,2020-02-27,0,,,,,,,,,,,,,
Strumica,41.4375,22.6433296,2020-02-27,0,,,,,,,,,,,,,
Kavadarci,41.4330597,22.01194,2020-02-27,0,,,,,,,,,,,,,
Struga,41.17799,20.6778393,2020-02-27,0,,,,,,,,,,,,,
Kochani,41.9163895,22.4127808,2020-02-27,0,,,,,,,,,,,,,
Ki?evo,41.5126686,20.9588604,2020-02-27,0,,,,,,,,,,,,,
Radovis,41.6383286,22.4647198,2020-02-27,0,,,,,,,,,,,,,
Kriva Palanka,42.2008781,22.3324394,2020-02-27,0,,,,,,,,,,,,,
Gevgelija ,41.1416588,22.5014095,2020-02-27,0,,,,,,,,,,,,,
Negotino,41.4845581,22.0905609,2020-02-27,0,,,,,,,,,,,,,
Resen,41.0893402,21.0109196,2020-02-27,0,,,,,,,,,,,,,
Delcevo ,41.9672203,22.7694397,2020-02-27,0,,,,,,,,,,,,,
Debar,41.5244408,20.52421,2020-02-27,0,,,,,,,,,,,,,
Vinica,41.8827782,22.5091705,2020-02-27,0,,,,,,,,,,,,,
Berovo,41.7030602,22.8577805,2020-02-27,0,,,,,,,,,,,,,
Sveti Nikole,41.8695602,21.9527397,2020-02-27,0,,,,,,,,,,,,,
Probishtip,42.0030594,22.1786098,2020-02-27,0,,,,,,,,,,,,,
Kratovo,42.0783806,22.1807003,2020-02-27,0,,,,,,,,,,,,,
Bogdanci,41.2030602,22.5755596,2020-02-27,0,,,,,,,,,,,,,
Demir Kapija,41.4061317,22.2463093,2020-02-27,0,,,,,,,,,,,,,
Makedonski Brod ,41.5136108,21.2152805,2020-02-27,0,,,,,,,,,,,,,
Krusevo,41.3688889,21.2488899,2020-02-27,0,,,,,,,,,,,,,
Valandovo,41.31744,22.5600204,2020-02-27,0,,,,,,,,,,,,,
Gradsko,41.5774994,21.9427795,2020-02-27,0,,,,,,,,,,,,,
Dojran,41.18647,22.7203007,2020-02-27,0,,,,,,,,,,,,,
Skopje,41.99646,21.4314098,2020-02-28,0,,,,,,,,,,,,,
Bitola,41.0314293,21.3347397,2020-02-28,0,,,,,,,,,,,,,
Kumanovo,42.1322212,21.7144394,2020-02-28,0,,,,,,,,,,,,,
Prilep,41.3451385,21.5550404,2020-02-28,0,,,,,,,,,,,,,
Tetovo,42.0097313,20.97155,2020-02-28,0,,,,,,,,,,,,,
Veles,41.7155609,21.7755604,2020-02-28,0,,,,,,,,,,,,,
Ohrid,41.1172218,20.8019409,2020-02-28,0,,,,,,,,,,,,,
Gostivar,41.7960091,20.9081898,2020-02-28,0,,,,,,,,,,,,,
Shtip,41.7458305,22.1958294,2020-02-28,0,,,,,,,,,,,,,
Strumica,41.4375,22.6433296,2020-02-28,0,,,,,,,,,,,,,
Kavadarci,41.4330597,22.01194,2020-02-28,0,,,,,,,,,,,,,
Struga,41.17799,20.6778393,2020-02-28,0,,,,,,,,,,,,,
Kochani,41.9163895,22.4127808,2020-02-28,0,,,,,,,,,,,,,
Ki?evo,41.5126686,20.9588604,2020-02-28,0,,,,,,,,,,,,,
Radovis,41.6383286,22.4647198,2020-02-28,0,,,,,,,,,,,,,
Kriva Palanka,42.2008781,22.3324394,2020-02-28,0,,,,,,,,,,,,,
Gevgelija ,41.1416588,22.5014095,2020-02-28,0,,,,,,,,,,,,,
Negotino,41.4845581,22.0905609,2020-02-28,0,,,,,,,,,,,,,
Resen,41.0893402,21.0109196,2020-02-28,0,,,,,,,,,,,,,
Delcevo ,41.9672203,22.7694397,2020-02-28,0,,,,,,,,,,,,,
Debar,41.5244408,20.52421,2020-02-28,0,,,,,,,,,,,,,
Vinica,41.8827782,22.5091705,2020-02-28,0,,,,,,,,,,,,,
Berovo,41.7030602,22.8577805,2020-02-28,0,,,,,,,,,,,,,
Sveti Nikole,41.8695602,21.9527397,2020-02-28,0,,,,,,,,,,,,,
Probishtip,42.0030594,22.1786098,2020-02-28,0,,,,,,,,,,,,,
Kratovo,42.0783806,22.1807003,2020-02-28,0,,,,,,,,,,,,,
Bogdanci,41.2030602,22.5755596,2020-02-28,0,,,,,,,,,,,,,
Demir Kapija,41.4061317,22.2463093,2020-02-28,0,,,,,,,,,,,,,
Makedonski Brod ,41.5136108,21.2152805,2020-02-28,0,,,,,,,,,,,,,
Krusevo,41.3688889,21.2488899,2020-02-28,0,,,,,,,,,,,,,
Valandovo,41.31744,22.5600204,2020-02-28,0,,,,,,,,,,,,,
Gradsko,41.5774994,21.9427795,2020-02-28,0,,,,,,,,,,,,,
Dojran,41.18647,22.7203007,2020-02-28,0,,,,,,,,,,,,,
Skopje,41.99646,21.4314098,2020-02-29,0,,,,,,,,,,,,,
Bitola,41.0314293,21.3347397,2020-02-29,0,,,,,,,,,,,,,
Kumanovo,42.1322212,21.7144394,2020-02-29,0,,,,,,,,,,,,,
Prilep,41.3451385,21.5550404,2020-02-29,0,,,,,,,,,,,,,
Tetovo,42.0097313,20.97155,2020-02-29,0,,,,,,,,,,,,,
Veles,41.7155609,21.7755604,2020-02-29,0,,,,,,,,,,,,,
Ohrid,41.1172218,20.8019409,2020-02-29,0,,,,,,,,,,,,,
Gostivar,41.7960091,20.9081898,2020-02-29,0,,,,,,,,,,,,,
Shtip,41.7458305,22.1958294,2020-02-29,0,,,,,,,,,,,,,
Strumica,41.4375,22.6433296,2020-02-29,0,,,,,,,,,,,,,
Kavadarci,41.4330597,22.01194,2020-02-29,0,,,,,,,,,,,,,
Struga,41.17799,20.6778393,2020-02-29,0,,,,,,,,,,,,,
Kochani,41.9163895,22.4127808,2020-02-29,0,,,,,,,,,,,,,
Ki?evo,41.5126686,20.9588604,2020-02-29,0,,,,,,,,,,,,,
Radovis,41.6383286,22.4647198,2020-02-29,0,,,,,,,,,,,,,
Kriva Palanka,42.2008781,22.3324394,2020-02-29,0,,,,,,,,,,,,,
Gevgelija ,41.1416588,22.5014095,2020-02-29,0,,,,,,,,,,,,,
Negotino,41.4845581,22.0905609,2020-02-29,0,,,,,,,,,,,,,
Resen,41.0893402,21.0109196,2020-02-29,0,,,,,,,,,,,,,
Delcevo ,41.9672203,22.7694397,2020-02-29,0,,,,,,,,,,,,,
Debar,41.5244408,20.52421,2020-02-29,0,,,,,,,,,,,,,
Vinica,41.8827782,22.5091705,2020-02-29,0,,,,,,,,,,,,,
Berovo,41.7030602,22.8577805,2020-02-29,0,,,,,,,,,,,,,
Sveti Nikole,41.8695602,21.9527397,2020-02-29,0,,,,,,,,,,,,,
Probishtip,42.0030594,22.1786098,2020-02-29,0,,,,,,,,,,,,,
Kratovo,42.0783806,22.1807003,2020-02-29,0,,,,,,,,,,,,,
Bogdanci,41.2030602,22.5755596,2020-02-29,0,,,,,,,,,,,,,
Demir Kapija,41.4061317,22.2463093,2020-02-29,0,,,,,,,,,,,,,
Makedonski Brod ,41.5136108,21.2152805,2020-02-29,0,,,,,,,,,,,,,
Krusevo,41.3688889,21.2488899,2020-02-29,0,,,,,,,,,,,,,
Valandovo,41.31744,22.5600204,2020-02-29,0,,,,,,,,,,,,,
Gradsko,41.5774994,21.9427795,2020-02-29,0,,,,,,,,,,,,,
Dojran,41.18647,22.7203007,2020-02-29,0,,,,,,,,,,,,,
Skopje,41.99646,21.4314098,2020-03-01,0,,,,,,,,,,,,,
Bitola,41.0314293,21.3347397,2020-03-01,0,,,,,,,,,,,,,
Kumanovo,42.1322212,21.7144394,2020-03-01,0,,,,,,,,,,,,,
Prilep,41.3451385,21.5550404,2020-03-01,0,,,,,,,,,,,,,
Tetovo,42.0097313,20.97155,2020-03-01,0,,,,,,,,,,,,,
Veles,41.7155609,21.7755604,2020-03-01,0,,,,,,,,,,,,,
Ohrid,41.1172218,20.8019409,2020-03-01,0,,,,,,,,,,,,,
Gostivar,41.7960091,20.9081898,2020-03-01,0,,,,,,,,,,,,,
Shtip,41.7458305,22.1958294,2020-03-01,0,,,,,,,,,,,,,
Strumica,41.4375,22.6433296,2020-03-01,0,,,,,,,,,,,,,
Kavadarci,41.4330597,22.01194,2020-03-01,0,,,,,,,,,,,,,
Struga,41.17799,20.6778393,2020-03-01,0,,,,,,,,,,,,,
Kochani,41.9163895,22.4127808,2020-03-01,0,,,,,,,,,,,,,
Ki?evo,41.5126686,20.9588604,2020-03-01,0,,,,,,,,,,,,,
Radovis,41.6383286,22.4647198,2020-03-01,0,,,,,,,,,,,,,
Kriva Palanka,42.2008781,22.3324394,2020-03-01,0,,,,,,,,,,,,,
Gevgelija ,41.1416588,22.5014095,2020-03-01,0,,,,,,,,,,,,,
Negotino,41.4845581,22.0905609,2020-03-01,0,,,,,,,,,,,,,
Resen,41.0893402,21.0109196,2020-03-01,0,,,,,,,,,,,,,
Delcevo ,41.9672203,22.7694397,2020-03-01,0,,,,,,,,,,,,,
Debar,41.5244408,20.52421,2020-03-01,0,,,,,,,,,,,,,
Vinica,41.8827782,22.5091705,2020-03-01,0,,,,,,,,,,,,,
Berovo,41.7030602,22.8577805,2020-03-01,0,,,,,,,,,,,,,
Sveti Nikole,41.8695602,21.9527397,2020-03-01,0,,,,,,,,,,,,,
Probishtip,42.0030594,22.1786098,2020-03-01,0,,,,,,,,,,,,,
Kratovo,42.0783806,22.1807003,2020-03-01,0,,,,,,,,,,,,,
Bogdanci,41.2030602,22.5755596,2020-03-01,0,,,,,,,,,,,,,
Demir Kapija,41.4061317,22.2463093,2020-03-01,0,,,,,,,,,,,,,
Makedonski Brod ,41.5136108,21.2152805,2020-03-01,0,,,,,,,,,,,,,
Krusevo,41.3688889,21.2488899,2020-03-01,0,,,,,,,,,,,,,
Valandovo,41.31744,22.5600204,2020-03-01,0,,,,,,,,,,,,,
Gradsko,41.5774994,21.9427795,2020-03-01,0,,,,,,,,,,,,,
Dojran,41.18647,22.7203007,2020-03-01,0,,,,,,,,,,,,,
Skopje,41.99646,21.4314098,2020-03-02,0,,,,,,,,,,,,,
Bitola,41.0314293,21.3347397,2020-03-02,0,,,,,,,,,,,,,
Kumanovo,42.1322212,21.7144394,2020-03-02,0,,,,,,,,,,,,,
Prilep,41.3451385,21.5550404,2020-03-02,0,,,,,,,,,,,,,
Tetovo,42.0097313,20.97155,2020-03-02,0,,,,,,,,,,,,,
Veles,41.7155609,21.7755604,2020-03-02,0,,,,,,,,,,,,,
Ohrid,41.1172218,20.8019409,2020-03-02,0,,,,,,,,,,,,,
Gostivar,41.7960091,20.9081898,2020-03-02,0,,,,,,,,,,,,,
Shtip,41.7458305,22.1958294,2020-03-02,0,,,,,,,,,,,,,
Strumica,41.4375,22.6433296,2020-03-02,0,,,,,,,,,,,,,
Kavadarci,41.4330597,22.01194,2020-03-02,0,,,,,,,,,,,,,
Struga,41.17799,20.6778393,2020-03-02,0,,,,,,,,,,,,,
Kochani,41.9163895,22.4127808,2020-03-02,0,,,,,,,,,,,,,
Ki?evo,41.5126686,20.9588604,2020-03-02,0,,,,,,,,,,,,,
Radovis,41.6383286,22.4647198,2020-03-02,0,,,,,,,,,,,,,
Kriva Palanka,42.2008781,22.3324394,2020-03-02,0,,,,,,,,,,,,,
Gevgelija ,41.1416588,22.5014095,2020-03-02,0,,,,,,,,,,,,,
Negotino,41.4845581,22.0905609,2020-03-02,0,,,,,,,,,,,,,
Resen,41.0893402,21.0109196,2020-03-02,0,,,,,,,,,,,,,
Delcevo ,41.9672203,22.7694397,2020-03-02,0,,,,,,,,,,,,,
Debar,41.5244408,20.52421,2020-03-02,0,,,,,,,,,,,,,
Vinica,41.8827782,22.5091705,2020-03-02,0,,,,,,,,,,,,,
Berovo,41.7030602,22.8577805,2020-03-02,0,,,,,,,,,,,,,
Sveti Nikole,41.8695602,21.9527397,2020-03-02,0,,,,,,,,,,,,,
Probishtip,42.0030594,22.1786098,2020-03-02,0,,,,,,,,,,,,,
Kratovo,42.0783806,22.1807003,2020-03-02,0,,,,,,,,,,,,,
Bogdanci,41.2030602,22.5755596,2020-03-02,0,,,,,,,,,,,,,
Demir Kapija,41.4061317,22.2463093,2020-03-02,0,,,,,,,,,,,,,
Makedonski Brod ,41.5136108,21.2152805,2020-03-02,0,,,,,,,,,,,,,
Krusevo,41.3688889,21.2488899,2020-03-02,0,,,,,,,,,,,,,
Valandovo,41.31744,22.5600204,2020-03-02,0,,,,,,,,,,,,,
Gradsko,41.5774994,21.9427795,2020-03-02,0,,,,,,,,,,,,,
Dojran,41.18647,22.7203007,2020-03-02,0,,,,,,,,,,,,,
Skopje,41.99646,21.4314098,2020-03-03,0,,,,,,,,,,,,,
Bitola,41.0314293,21.3347397,2020-03-03,0,,,,,,,,,,,,,
Kumanovo,42.1322212,21.7144394,2020-03-03,0,,,,,,,,,,,,,
Prilep,41.3451385,21.5550404,2020-03-03,0,,,,,,,,,,,,,
Tetovo,42.0097313,20.97155,2020-03-03,0,,,,,,,,,,,,,
Veles,41.7155609,21.7755604,2020-03-03,0,,,,,,,,,,,,,
Ohrid,41.1172218,20.8019409,2020-03-03,0,,,,,,,,,,,,,
Gostivar,41.7960091,20.9081898,2020-03-03,0,,,,,,,,,,,,,
Shtip,41.7458305,22.1958294,2020-03-03,0,,,,,,,,,,,,,
Strumica,41.4375,22.6433296,2020-03-03,0,,,,,,,,,,,,,
Kavadarci,41.4330597,22.01194,2020-03-03,0,,,,,,,,,,,,,
Struga,41.17799,20.6778393,2020-03-03,0,,,,,,,,,,,,,
Kochani,41.9163895,22.4127808,2020-03-03,0,,,,,,,,,,,,,
Ki?evo,41.5126686,20.9588604,2020-03-03,0,,,,,,,,,,,,,
Radovis,41.6383286,22.4647198,2020-03-03,0,,,,,,,,,,,,,
Kriva Palanka,42.2008781,22.3324394,2020-03-03,0,,,,,,,,,,,,,
Gevgelija ,41.1416588,22.5014095,2020-03-03,0,,,,,,,,,,,,,
Negotino,41.4845581,22.0905609,2020-03-03,0,,,,,,,,,,,,,
Resen,41.0893402,21.0109196,2020-03-03,0,,,,,,,,,,,,,
Delcevo ,41.9672203,22.7694397,2020-03-03,0,,,,,,,,,,,,,
Debar,41.5244408,20.52421,2020-03-03,0,,,,,,,,,,,,,
Vinica,41.8827782,22.5091705,2020-03-03,0,,,,,,,,,,,,,
Berovo,41.7030602,22.8577805,2020-03-03,0,,,,,,,,,,,,,
Sveti Nikole,41.8695602,21.9527397,2020-03-03,0,,,,,,,,,,,,,
Probishtip,42.0030594,22.1786098,2020-03-03,0,,,,,,,,,,,,,
Kratovo,42.0783806,22.1807003,2020-03-03,0,,,,,,,,,,,,,
Bogdanci,41.2030602,22.5755596,2020-03-03,0,,,,,,,,,,,,,
Demir Kapija,41.4061317,22.2463093,2020-03-03,0,,,,,,,,,,,,,
Makedonski Brod ,41.5136108,21.2152805,2020-03-03,0,,,,,,,,,,,,,
Krusevo,41.3688889,21.2488899,2020-03-03,0,,,,,,,,,,,,,
Valandovo,41.31744,22.5600204,2020-03-03,0,,,,,,,,,,,,,
Gradsko,41.5774994,21.9427795,2020-03-03,0,,,,,,,,,,,,,
Dojran,41.18647,22.7203007,2020-03-03,0,,,,,,,,,,,,,
Skopje,41.99646,21.4314098,2020-03-04,0,,,,,,,,,,,,,
Bitola,41.0314293,21.3347397,2020-03-04,0,,,,,,,,,,,,,
Kumanovo,42.1322212,21.7144394,2020-03-04,0,,,,,,,,,,,,,
Prilep,41.3451385,21.5550404,2020-03-04,0,,,,,,,,,,,,,
Tetovo,42.0097313,20.97155,2020-03-04,0,,,,,,,,,,,,,
Veles,41.7155609,21.7755604,2020-03-04,0,,,,,,,,,,,,,
Ohrid,41.1172218,20.8019409,2020-03-04,0,,,,,,,,,,,,,
Gostivar,41.7960091,20.9081898,2020-03-04,0,,,,,,,,,,,,,
Shtip,41.7458305,22.1958294,2020-03-04,0,,,,,,,,,,,,,
Strumica,41.4375,22.6433296,2020-03-04,0,,,,,,,,,,,,,
Kavadarci,41.4330597,22.01194,2020-03-04,0,,,,,,,,,,,,,
Struga,41.17799,20.6778393,2020-03-04,0,,,,,,,,,,,,,
Kochani,41.9163895,22.4127808,2020-03-04,0,,,,,,,,,,,,,
Ki?evo,41.5126686,20.9588604,2020-03-04,0,,,,,,,,,,,,,
Radovis,41.6383286,22.4647198,2020-03-04,0,,,,,,,,,,,,,
Kriva Palanka,42.2008781,22.3324394,2020-03-04,0,,,,,,,,,,,,,
Gevgelija ,41.1416588,22.5014095,2020-03-04,0,,,,,,,,,,,,,
Negotino,41.4845581,22.0905609,2020-03-04,0,,,,,,,,,,,,,
Resen,41.0893402,21.0109196,2020-03-04,0,,,,,,,,,,,,,
Delcevo ,41.9672203,22.7694397,2020-03-04,0,,,,,,,,,,,,,
Debar,41.5244408,20.52421,2020-03-04,0,,,,,,,,,,,,,
Vinica,41.8827782,22.5091705,2020-03-04,0,,,,,,,,,,,,,
Berovo,41.7030602,22.8577805,2020-03-04,0,,,,,,,,,,,,,
Sveti Nikole,41.8695602,21.9527397,2020-03-04,0,,,,,,,,,,,,,
Probishtip,42.0030594,22.1786098,2020-03-04,0,,,,,,,,,,,,,
Kratovo,42.0783806,22.1807003,2020-03-04,0,,,,,,,,,,,,,
Bogdanci,41.2030602,22.5755596,2020-03-04,0,,,,,,,,,,,,,
Demir Kapija,41.4061317,22.2463093,2020-03-04,0,,,,,,,,,,,,,
Makedonski Brod ,41.5136108,21.2152805,2020-03-04,0,,,,,,,,,,,,,
Krusevo,41.3688889,21.2488899,2020-03-04,0,,,,,,,,,,,,,
Valandovo,41.31744,22.5600204,2020-03-04,0,,,,,,,,,,,,,
Gradsko,41.5774994,21.9427795,2020-03-04,0,,,,,,,,,,,,,
Dojran,41.18647,22.7203007,2020-03-04,0,,,,,,,,,,,,,
Skopje,41.99646,21.4314098,2020-03-05,0,,,,,,,,,,,,,
Bitola,41.0314293,21.3347397,2020-03-05,0,,,,,,,,,,,,,
Kumanovo,42.1322212,21.7144394,2020-03-05,0,,,,,,,,,,,,,
Prilep,41.3451385,21.5550404,2020-03-05,0,,,,,,,,,,,,,
Tetovo,42.0097313,20.97155,2020-03-05,0,,,,,,,,,,,,,
Veles,41.7155609,21.7755604,2020-03-05,0,,,,,,,,,,,,,
Ohrid,41.1172218,20.8019409,2020-03-05,0,,,,,,,,,,,,,
Gostivar,41.7960091,20.9081898,2020-03-05,0,,,,,,,,,,,,,
Shtip,41.7458305,22.1958294,2020-03-05,0,,,,,,,,,,,,,
Strumica,41.4375,22.6433296,2020-03-05,0,,,,,,,,,,,,,
Kavadarci,41.4330597,22.01194,2020-03-05,0,,,,,,,,,,,,,
Struga,41.17799,20.6778393,2020-03-05,0,,,,,,,,,,,,,
Kochani,41.9163895,22.4127808,2020-03-05,0,,,,,,,,,,,,,
Ki?evo,41.5126686,20.9588604,2020-03-05,0,,,,,,,,,,,,,
Radovis,41.6383286,22.4647198,2020-03-05,0,,,,,,,,,,,,,
Kriva Palanka,42.2008781,22.3324394,2020-03-05,0,,,,,,,,,,,,,
Gevgelija ,41.1416588,22.5014095,2020-03-05,0,,,,,,,,,,,,,
Negotino,41.4845581,22.0905609,2020-03-05,0,,,,,,,,,,,,,
Resen,41.0893402,21.0109196,2020-03-05,0,,,,,,,,,,,,,
Delcevo ,41.9672203,22.7694397,2020-03-05,0,,,,,,,,,,,,,
Debar,41.5244408,20.52421,2020-03-05,0,,,,,,,,,,,,,
Vinica,41.8827782,22.5091705,2020-03-05,0,,,,,,,,,,,,,
Berovo,41.7030602,22.8577805,2020-03-05,0,,,,,,,,,,,,,
Sveti Nikole,41.8695602,21.9527397,2020-03-05,0,,,,,,,,,,,,,
Probishtip,42.0030594,22.1786098,2020-03-05,0,,,,,,,,,,,,,
Kratovo,42.0783806,22.1807003,2020-03-05,0,,,,,,,,,,,,,
Bogdanci,41.2030602,22.5755596,2020-03-05,0,,,,,,,,,,,,,
Demir Kapija,41.4061317,22.2463093,2020-03-05,0,,,,,,,,,,,,,
Makedonski Brod ,41.5136108,21.2152805,2020-03-05,0,,,,,,,,,,,,,
Krusevo,41.3688889,21.2488899,2020-03-05,0,,,,,,,,,,,,,
Valandovo,41.31744,22.5600204,2020-03-05,0,,,,,,,,,,,,,
Gradsko,41.5774994,21.9427795,2020-03-05,0,,,,,,,,,,,,,
Dojran,41.18647,22.7203007,2020-03-05,0,,,,,,,,,,,,,
Skopje,41.99646,21.4314098,2020-03-06,0,,,,,,,,,,,,,
Bitola,41.0314293,21.3347397,2020-03-06,0,,,,,,,,,,,,,
Kumanovo,42.1322212,21.7144394,2020-03-06,0,,,,,,,,,,,,,
Prilep,41.3451385,21.5550404,2020-03-06,0,,,,,,,,,,,,,
Tetovo,42.0097313,20.97155,2020-03-06,0,,,,,,,,,,,,,
Veles,41.7155609,21.7755604,2020-03-06,0,,,,,,,,,,,,,
Ohrid,41.1172218,20.8019409,2020-03-06,0,,,,,,,,,,,,,
Gostivar,41.7960091,20.9081898,2020-03-06,0,,,,,,,,,,,,,
Shtip,41.7458305,22.1958294,2020-03-06,0,,,,,,,,,,,,,
Strumica,41.4375,22.6433296,2020-03-06,0,,,,,,,,,,,,,
Kavadarci,41.4330597,22.01194,2020-03-06,0,,,,,,,,,,,,,
Struga,41.17799,20.6778393,2020-03-06,0,,,,,,,,,,,,,
Kochani,41.9163895,22.4127808,2020-03-06,0,,,,,,,,,,,,,
Ki?evo,41.5126686,20.9588604,2020-03-06,0,,,,,,,,,,,,,
Radovis,41.6383286,22.4647198,2020-03-06,0,,,,,,,,,,,,,
Kriva Palanka,42.2008781,22.3324394,2020-03-06,0,,,,,,,,,,,,,
Gevgelija ,41.1416588,22.5014095,2020-03-06,0,,,,,,,,,,,,,
Negotino,41.4845581,22.0905609,2020-03-06,0,,,,,,,,,,,,,
Resen,41.0893402,21.0109196,2020-03-06,0,,,,,,,,,,,,,
Delcevo ,41.9672203,22.7694397,2020-03-06,0,,,,,,,,,,,,,
Debar,41.5244408,20.52421,2020-03-06,2,,,,,,,,,,,,,
Vinica,41.8827782,22.5091705,2020-03-06,0,,,,,,,,,,,,,
Berovo,41.7030602,22.8577805,2020-03-06,0,,,,,,,,,,,,,
Sveti Nikole,41.8695602,21.9527397,2020-03-06,0,,,,,,,,,,,,,
Probishtip,42.0030594,22.1786098,2020-03-06,0,,,,,,,,,,,,,
Kratovo,42.0783806,22.1807003,2020-03-06,0,,,,,,,,,,,,,
Bogdanci,41.2030602,22.5755596,2020-03-06,0,,,,,,,,,,,,,
Demir Kapija,41.4061317,22.2463093,2020-03-06,0,,,,,,,,,,,,,
Makedonski Brod ,41.5136108,21.2152805,2020-03-06,0,,,,,,,,,,,,,
Krusevo,41.3688889,21.2488899,2020-03-06,0,,,,,,,,,,,,,
Valandovo,41.31744,22.5600204,2020-03-06,0,,,,,,,,,,,,,
Gradsko,41.5774994,21.9427795,2020-03-06,0,,,,,,,,,,,,,
Dojran,41.18647,22.7203007,2020-03-06,0,,,,,,,,,,,,,
Skopje,41.99646,21.4314098,2020-03-07,0,,,,,,,,,,,,,
Bitola,41.0314293,21.3347397,2020-03-07,0,,,,,,,,,,,,,
Kumanovo,42.1322212,21.7144394,2020-03-07,0,,,,,,,,,,,,,
Prilep,41.3451385,21.5550404,2020-03-07,0,,,,,,,,,,,,,
Tetovo,42.0097313,20.97155,2020-03-07,0,,,,,,,,,,,,,
Veles,41.7155609,21.7755604,2020-03-07,0,,,,,,,,,,,,,
Ohrid,41.1172218,20.8019409,2020-03-07,0,,,,,,,,,,,,,
Gostivar,41.7960091,20.9081898,2020-03-07,0,,,,,,,,,,,,,
Shtip,41.7458305,22.1958294,2020-03-07,0,,,,,,,,,,,,,
Strumica,41.4375,22.6433296,2020-03-07,0,,,,,,,,,,,,,
Kavadarci,41.4330597,22.01194,2020-03-07,0,,,,,,,,,,,,,
Struga,41.17799,20.6778393,2020-03-07,0,,,,,,,,,,,,,
Kochani,41.9163895,22.4127808,2020-03-07,0,,,,,,,,,,,,,
Ki?evo,41.5126686,20.9588604,2020-03-07,0,,,,,,,,,,,,,
Radovis,41.6383286,22.4647198,2020-03-07,0,,,,,,,,,,,,,
Kriva Palanka,42.2008781,22.3324394,2020-03-07,0,,,,,,,,,,,,,
Gevgelija ,41.1416588,22.5014095,2020-03-07,0,,,,,,,,,,,,,
Negotino,41.4845581,22.0905609,2020-03-07,0,,,,,,,,,,,,,
Resen,41.0893402,21.0109196,2020-03-07,0,,,,,,,,,,,,,
Delcevo ,41.9672203,22.7694397,2020-03-07,0,,,,,,,,,,,,,
Debar,41.5244408,20.52421,2020-03-07,0,,,,,,,,,,,,,
Vinica,41.8827782,22.5091705,2020-03-07,0,,,,,,,,,,,,,
Berovo,41.7030602,22.8577805,2020-03-07,0,,,,,,,,,,,,,
Sveti Nikole,41.8695602,21.9527397,2020-03-07,0,,,,,,,,,,,,,
Probishtip,42.0030594,22.1786098,2020-03-07,0,,,,,,,,,,,,,
Kratovo,42.0783806,22.1807003,2020-03-07,0,,,,,,,,,,,,,
Bogdanci,41.2030602,22.5755596,2020-03-07,0,,,,,,,,,,,,,
Demir Kapija,41.4061317,22.2463093,2020-03-07,0,,,,,,,,,,,,,
Makedonski Brod ,41.5136108,21.2152805,2020-03-07,0,,,,,,,,,,,,,
Krusevo,41.3688889,21.2488899,2020-03-07,0,,,,,,,,,,,,,
Valandovo,41.31744,22.5600204,2020-03-07,0,,,,,,,,,,,,,
Gradsko,41.5774994,21.9427795,2020-03-07,0,,,,,,,,,,,,,
Dojran,41.18647,22.7203007,2020-03-07,0,,,,,,,,,,,,,
Skopje,41.99646,21.4314098,2020-03-08,1,,,,,,,,,,,,,
Bitola,41.0314293,21.3347397,2020-03-08,0,,,,,,,,,,,,,
Kumanovo,42.1322212,21.7144394,2020-03-08,0,,,,,,,,,,,,,
Prilep,41.3451385,21.5550404,2020-03-08,0,,,,,,,,,,,,,
Tetovo,42.0097313,20.97155,2020-03-08,0,,,,,,,,,,,,,
Veles,41.7155609,21.7755604,2020-03-08,0,,,,,,,,,,,,,
Ohrid,41.1172218,20.8019409,2020-03-08,0,,,,,,,,,,,,,
Gostivar,41.7960091,20.9081898,2020-03-08,0,,,,,,,,,,,,,
Shtip,41.7458305,22.1958294,2020-03-08,0,,,,,,,,,,,,,
Strumica,41.4375,22.6433296,2020-03-08,0,,,,,,,,,,,,,
Kavadarci,41.4330597,22.01194,2020-03-08,0,,,,,,,,,,,,,
Struga,41.17799,20.6778393,2020-03-08,0,,,,,,,,,,,,,
Kochani,41.9163895,22.4127808,2020-03-08,0,,,,,,,,,,,,,
Ki?evo,41.5126686,20.9588604,2020-03-08,0,,,,,,,,,,,,,
Radovis,41.6383286,22.4647198,2020-03-08,0,,,,,,,,,,,,,
Kriva Palanka,42.2008781,22.3324394,2020-03-08,0,,,,,,,,,,,,,
Gevgelija ,41.1416588,22.5014095,2020-03-08,0,,,,,,,,,,,,,
Negotino,41.4845581,22.0905609,2020-03-08,0,,,,,,,,,,,,,
Resen,41.0893402,21.0109196,2020-03-08,0,,,,,,,,,,,,,
Delcevo ,41.9672203,22.7694397,2020-03-08,0,,,,,,,,,,,,,
Debar,41.5244408,20.52421,2020-03-08,0,,,,,,,,,,,,,
Vinica,41.8827782,22.5091705,2020-03-08,0,,,,,,,,,,,,,
Berovo,41.7030602,22.8577805,2020-03-08,0,,,,,,,,,,,,,
Sveti Nikole,41.8695602,21.9527397,2020-03-08,0,,,,,,,,,,,,,
Probishtip,42.0030594,22.1786098,2020-03-08,0,,,,,,,,,,,,,
Kratovo,42.0783806,22.1807003,2020-03-08,0,,,,,,,,,,,,,
Bogdanci,41.2030602,22.5755596,2020-03-08,0,,,,,,,,,,,,,
Demir Kapija,41.4061317,22.2463093,2020-03-08,0,,,,,,,,,,,,,
Makedonski Brod ,41.5136108,21.2152805,2020-03-08,0,,,,,,,,,,,,,
Krusevo,41.3688889,21.2488899,2020-03-08,0,,,,,,,,,,,,,
Valandovo,41.31744,22.5600204,2020-03-08,0,,,,,,,,,,,,,
Gradsko,41.5774994,21.9427795,2020-03-08,0,,,,,,,,,,,,,
Dojran,41.18647,22.7203007,2020-03-08,0,,,,,,,,,,,,,
Skopje,41.99646,21.4314098,2020-03-09,1,,,,,,,,,,,,,
Bitola,41.0314293,21.3347397,2020-03-09,0,,,,,,,,,,,,,
Kumanovo,42.1322212,21.7144394,2020-03-09,0,,,,,,,,,,,,,
Prilep,41.3451385,21.5550404,2020-03-09,0,,,,,,,,,,,,,
Tetovo,42.0097313,20.97155,2020-03-09,0,,,,,,,,,,,,,
Veles,41.7155609,21.7755604,2020-03-09,0,,,,,,,,,,,,,
Ohrid,41.1172218,20.8019409,2020-03-09,0,,,,,,,,,,,,,
Gostivar,41.7960091,20.9081898,2020-03-09,0,,,,,,,,,,,,,
Shtip,41.7458305,22.1958294,2020-03-09,0,,,,,,,,,,,,,
Strumica,41.4375,22.6433296,2020-03-09,0,,,,,,,,,,,,,
Kavadarci,41.4330597,22.01194,2020-03-09,0,,,,,,,,,,,,,
Struga,41.17799,20.6778393,2020-03-09,0,,,,,,,,,,,,,
Kochani,41.9163895,22.4127808,2020-03-09,0,,,,,,,,,,,,,
Ki?evo,41.5126686,20.9588604,2020-03-09,0,,,,,,,,,,,,,
Radovis,41.6383286,22.4647198,2020-03-09,0,,,,,,,,,,,,,
Kriva Palanka,42.2008781,22.3324394,2020-03-09,0,,,,,,,,,,,,,
Gevgelija ,41.1416588,22.5014095,2020-03-09,0,,,,,,,,,,,,,
Negotino,41.4845581,22.0905609,2020-03-09,0,,,,,,,,,,,,,
Resen,41.0893402,21.0109196,2020-03-09,0,,,,,,,,,,,,,
Delcevo ,41.9672203,22.7694397,2020-03-09,0,,,,,,,,,,,,,
Debar,41.5244408,20.52421,2020-03-09,2,,,,,,,,,,,,,
Vinica,41.8827782,22.5091705,2020-03-09,0,,,,,,,,,,,,,
Berovo,41.7030602,22.8577805,2020-03-09,0,,,,,,,,,,,,,
Sveti Nikole,41.8695602,21.9527397,2020-03-09,0,,,,,,,,,,,,,
Probishtip,42.0030594,22.1786098,2020-03-09,0,,,,,,,,,,,,,
Kratovo,42.0783806,22.1807003,2020-03-09,0,,,,,,,,,,,,,
Bogdanci,41.2030602,22.5755596,2020-03-09,0,,,,,,,,,,,,,
Demir Kapija,41.4061317,22.2463093,2020-03-09,0,,,,,,,,,,,,,
Makedonski Brod ,41.5136108,21.2152805,2020-03-09,0,,,,,,,,,,,,,
Krusevo,41.3688889,21.2488899,2020-03-09,0,,,,,,,,,,,,,
Valandovo,41.31744,22.5600204,2020-03-09,0,,,,,,,,,,,,,
Gradsko,41.5774994,21.9427795,2020-03-09,0,,,,,,,,,,,,,
Dojran,41.18647,22.7203007,2020-03-09,0,,,,,,,,,,,,,
Skopje,41.99646,21.4314098,2020-03-10,0,,,,,,,,,,,,,
Bitola,41.0314293,21.3347397,2020-03-10,0,,,,,,,,,,,,,
Kumanovo,42.1322212,21.7144394,2020-03-10,0,,,,,,,,,,,,,
Prilep,41.3451385,21.5550404,2020-03-10,0,,,,,,,,,,,,,
Tetovo,42.0097313,20.97155,2020-03-10,0,,,,,,,,,,,,,
Veles,41.7155609,21.7755604,2020-03-10,0,,,,,,,,,,,,,
Ohrid,41.1172218,20.8019409,2020-03-10,0,,,,,,,,,,,,,
Gostivar,41.7960091,20.9081898,2020-03-10,0,,,,,,,,,,,,,
Shtip,41.7458305,22.1958294,2020-03-10,0,,,,,,,,,,,,,
Strumica,41.4375,22.6433296,2020-03-10,0,,,,,,,,,,,,,
Kavadarci,41.4330597,22.01194,2020-03-10,0,,,,,,,,,,,,,
Struga,41.17799,20.6778393,2020-03-10,0,,,,,,,,,,,,,
Kochani,41.9163895,22.4127808,2020-03-10,0,,,,,,,,,,,,,
Ki?evo,41.5126686,20.9588604,2020-03-10,0,,,,,,,,,,,,,
Radovis,41.6383286,22.4647198,2020-03-10,0,,,,,,,,,,,,,
Kriva Palanka,42.2008781,22.3324394,2020-03-10,0,,,,,,,,,,,,,
Gevgelija ,41.1416588,22.5014095,2020-03-10,0,,,,,,,,,,,,,
Negotino,41.4845581,22.0905609,2020-03-10,0,,,,,,,,,,,,,
Resen,41.0893402,21.0109196,2020-03-10,0,,,,,,,,,,,,,
Delcevo ,41.9672203,22.7694397,2020-03-10,0,,,,,,,,,,,,,
Debar,41.5244408,20.52421,2020-03-10,0,,,,,,,,,,,,,
Vinica,41.8827782,22.5091705,2020-03-10,0,,,,,,,,,,,,,
Berovo,41.7030602,22.8577805,2020-03-10,0,,,,,,,,,,,,,
Sveti Nikole,41.8695602,21.9527397,2020-03-10,0,,,,,,,,,,,,,
Probishtip,42.0030594,22.1786098,2020-03-10,0,,,,,,,,,,,,,
Kratovo,42.0783806,22.1807003,2020-03-10,0,,,,,,,,,,,,,
Bogdanci,41.2030602,22.5755596,2020-03-10,0,,,,,,,,,,,,,
Demir Kapija,41.4061317,22.2463093,2020-03-10,0,,,,,,,,,,,,,
Makedonski Brod ,41.5136108,21.2152805,2020-03-10,0,,,,,,,,,,,,,
Krusevo,41.3688889,21.2488899,2020-03-10,0,,,,,,,,,,,,,
Valandovo,41.31744,22.5600204,2020-03-10,0,,,,,,,,,,,,,
Gradsko,41.5774994,21.9427795,2020-03-10,0,,,,,,,,,,,,,
Dojran,41.18647,22.7203007,2020-03-10,0,,,,,,,,,,,,,
Skopje,41.99646,21.4314098,2020-03-11,0,,,,,,,,,,,,,
Bitola,41.0314293,21.3347397,2020-03-11,0,,,,,,,,,,,,,
Kumanovo,42.1322212,21.7144394,2020-03-11,0,,,,,,,,,,,,,
Prilep,41.3451385,21.5550404,2020-03-11,0,,,,,,,,,,,,,
Tetovo,42.0097313,20.97155,2020-03-11,0,,,,,,,,,,,,,
Veles,41.7155609,21.7755604,2020-03-11,0,,,,,,,,,,,,,
Ohrid,41.1172218,20.8019409,2020-03-11,0,,,,,,,,,,,,,
Gostivar,41.7960091,20.9081898,2020-03-11,0,,,,,,,,,,,,,
Shtip,41.7458305,22.1958294,2020-03-11,0,,,,,,,,,,,,,
Strumica,41.4375,22.6433296,2020-03-11,0,,,,,,,,,,,,,
Kavadarci,41.4330597,22.01194,2020-03-11,0,,,,,,,,,,,,,
Struga,41.17799,20.6778393,2020-03-11,0,,,,,,,,,,,,,
Kochani,41.9163895,22.4127808,2020-03-11,0,,,,,,,,,,,,,
Ki?evo,41.5126686,20.9588604,2020-03-11,0,,,,,,,,,,,,,
Radovis,41.6383286,22.4647198,2020-03-11,0,,,,,,,,,,,,,
Kriva Palanka,42.2008781,22.3324394,2020-03-11,0,,,,,,,,,,,,,
Gevgelija ,41.1416588,22.5014095,2020-03-11,0,,,,,,,,,,,,,
Negotino,41.4845581,22.0905609,2020-03-11,0,,,,,,,,,,,,,
Resen,41.0893402,21.0109196,2020-03-11,0,,,,,,,,,,,,,
Delcevo ,41.9672203,22.7694397,2020-03-11,0,,,,,,,,,,,,,
Debar,41.5244408,20.52421,2020-03-11,2,,,,,,,,,,,,,
Vinica,41.8827782,22.5091705,2020-03-11,0,,,,,,,,,,,,,
Berovo,41.7030602,22.8577805,2020-03-11,0,,,,,,,,,,,,,
Sveti Nikole,41.8695602,21.9527397,2020-03-11,0,,,,,,,,,,,,,
Probishtip,42.0030594,22.1786098,2020-03-11,0,,,,,,,,,,,,,
Kratovo,42.0783806,22.1807003,2020-03-11,0,,,,,,,,,,,,,
Bogdanci,41.2030602,22.5755596,2020-03-11,0,,,,,,,,,,,,,
Demir Kapija,41.4061317,22.2463093,2020-03-11,0,,,,,,,,,,,,,
Makedonski Brod ,41.5136108,21.2152805,2020-03-11,0,,,,,,,,,,,,,
Krusevo,41.3688889,21.2488899,2020-03-11,0,,,,,,,,,,,,,
Valandovo,41.31744,22.5600204,2020-03-11,0,,,,,,,,,,,,,
Gradsko,41.5774994,21.9427795,2020-03-11,0,,,,,,,,,,,,,
Dojran,41.18647,22.7203007,2020-03-11,0,,,,,,,,,,,,,
Skopje,41.99646,21.4314098,2020-03-12,0,,,,,,,,,,,,,
Bitola,41.0314293,21.3347397,2020-03-12,0,,,,,,,,,,,,,
Kumanovo,42.1322212,21.7144394,2020-03-12,0,,,,,,,,,,,,,
Prilep,41.3451385,21.5550404,2020-03-12,0,,,,,,,,,,,,,
Tetovo,42.0097313,20.97155,2020-03-12,0,,,,,,,,,,,,,
Veles,41.7155609,21.7755604,2020-03-12,0,,,,,,,,,,,,,
Ohrid,41.1172218,20.8019409,2020-03-12,0,,,,,,,,,,,,,
Gostivar,41.7960091,20.9081898,2020-03-12,0,,,,,,,,,,,,,
Shtip,41.7458305,22.1958294,2020-03-12,0,,,,,,,,,,,,,
Strumica,41.4375,22.6433296,2020-03-12,0,,,,,,,,,,,,,
Kavadarci,41.4330597,22.01194,2020-03-12,0,,,,,,,,,,,,,
Struga,41.17799,20.6778393,2020-03-12,0,,,,,,,,,,,,,
Kochani,41.9163895,22.4127808,2020-03-12,0,,,,,,,,,,,,,
Ki?evo,41.5126686,20.9588604,2020-03-12,0,,,,,,,,,,,,,
Radovis,41.6383286,22.4647198,2020-03-12,0,,,,,,,,,,,,,
Kriva Palanka,42.2008781,22.3324394,2020-03-12,0,,,,,,,,,,,,,
Gevgelija ,41.1416588,22.5014095,2020-03-12,0,,,,,,,,,,,,,
Negotino,41.4845581,22.0905609,2020-03-12,0,,,,,,,,,,,,,
Resen,41.0893402,21.0109196,2020-03-12,0,,,,,,,,,,,,,
Delcevo ,41.9672203,22.7694397,2020-03-12,0,,,,,,,,,,,,,
Debar,41.5244408,20.52421,2020-03-12,0,,,,,,,,,,,,,
Vinica,41.8827782,22.5091705,2020-03-12,0,,,,,,,,,,,,,
Berovo,41.7030602,22.8577805,2020-03-12,0,,,,,,,,,,,,,
Sveti Nikole,41.8695602,21.9527397,2020-03-12,0,,,,,,,,,,,,,
Probishtip,42.0030594,22.1786098,2020-03-12,0,,,,,,,,,,,,,
Kratovo,42.0783806,22.1807003,2020-03-12,0,,,,,,,,,,,,,
Bogdanci,41.2030602,22.5755596,2020-03-12,0,,,,,,,,,,,,,
Demir Kapija,41.4061317,22.2463093,2020-03-12,0,,,,,,,,,,,,,
Makedonski Brod ,41.5136108,21.2152805,2020-03-12,0,,,,,,,,,,,,,
Krusevo,41.3688889,21.2488899,2020-03-12,0,,,,,,,,,,,,,
Valandovo,41.31744,22.5600204,2020-03-12,0,,,,,,,,,,,,,
Gradsko,41.5774994,21.9427795,2020-03-12,0,,,,,,,,,,,,,
Dojran,41.18647,22.7203007,2020-03-12,0,,,,,,,,,,,,,
Skopje,41.99646,21.4314098,2020-03-13,0,,,,,,,,,,,,,
Bitola,41.0314293,21.3347397,2020-03-13,0,,,,,,,,,,,,,
Kumanovo,42.1322212,21.7144394,2020-03-13,0,,,,,,,,,,,,,
Prilep,41.3451385,21.5550404,2020-03-13,0,,,,,,,,,,,,,
Tetovo,42.0097313,20.97155,2020-03-13,0,,,,,,,,,,,,,
Veles,41.7155609,21.7755604,2020-03-13,0,,,,,,,,,,,,,
Ohrid,41.1172218,20.8019409,2020-03-13,0,,,,,,,,,,,,,
Gostivar,41.7960091,20.9081898,2020-03-13,0,,,,,,,,,,,,,
Shtip,41.7458305,22.1958294,2020-03-13,0,,,,,,,,,,,,,
Strumica,41.4375,22.6433296,2020-03-13,0,,,,,,,,,,,,,
Kavadarci,41.4330597,22.01194,2020-03-13,0,,,,,,,,,,,,,
Struga,41.17799,20.6778393,2020-03-13,0,,,,,,,,,,,,,
Kochani,41.9163895,22.4127808,2020-03-13,0,,,,,,,,,,,,,
Ki?evo,41.5126686,20.9588604,2020-03-13,0,,,,,,,,,,,,,
Radovis,41.6383286,22.4647198,2020-03-13,0,,,,,,,,,,,,,
Kriva Palanka,42.2008781,22.3324394,2020-03-13,0,,,,,,,,,,,,,
Gevgelija ,41.1416588,22.5014095,2020-03-13,0,,,,,,,,,,,,,
Negotino,41.4845581,22.0905609,2020-03-13,0,,,,,,,,,,,,,
Resen,41.0893402,21.0109196,2020-03-13,0,,,,,,,,,,,,,
Delcevo ,41.9672203,22.7694397,2020-03-13,0,,,,,,,,,,,,,
Debar,41.5244408,20.52421,2020-03-13,4,,,,,,,,,,,,,
Vinica,41.8827782,22.5091705,2020-03-13,0,,,,,,,,,,,,,
Berovo,41.7030602,22.8577805,2020-03-13,0,,,,,,,,,,,,,
Sveti Nikole,41.8695602,21.9527397,2020-03-13,0,,,,,,,,,,,,,
Probishtip,42.0030594,22.1786098,2020-03-13,0,,,,,,,,,,,,,
Kratovo,42.0783806,22.1807003,2020-03-13,0,,,,,,,,,,,,,
Bogdanci,41.2030602,22.5755596,2020-03-13,0,,,,,,,,,,,,,
Demir Kapija,41.4061317,22.2463093,2020-03-13,0,,,,,,,,,,,,,
Makedonski Brod ,41.5136108,21.2152805,2020-03-13,0,,,,,,,,,,,,,
Krusevo,41.3688889,21.2488899,2020-03-13,0,,,,,,,,,,,,,
Valandovo,41.31744,22.5600204,2020-03-13,0,,,,,,,,,,,,,
Gradsko,41.5774994,21.9427795,2020-03-13,0,,,,,,,,,,,,,
Dojran,41.18647,22.7203007,2020-03-13,0,,,,,,,,,,,,,
Skopje,41.99646,21.4314098,2020-03-14,1,,,,,,,,,,,,,
Bitola,41.0314293,21.3347397,2020-03-14,0,,,,,,,,,,,,,
Kumanovo,42.1322212,21.7144394,2020-03-14,0,,,,,,,,,,,,,
Prilep,41.3451385,21.5550404,2020-03-14,0,,,,,,,,,,,,,
Tetovo,42.0097313,20.97155,2020-03-14,0,,,,,,,,,,,,,
Veles,41.7155609,21.7755604,2020-03-14,0,,,,,,,,,,,,,
Ohrid,41.1172218,20.8019409,2020-03-14,0,,,,,,,,,,,,,
Gostivar,41.7960091,20.9081898,2020-03-14,0,,,,,,,,,,,,,
Shtip,41.7458305,22.1958294,2020-03-14,0,,,,,,,,,,,,,
Strumica,41.4375,22.6433296,2020-03-14,0,,,,,,,,,,,,,
Kavadarci,41.4330597,22.01194,2020-03-14,0,,,,,,,,,,,,,
Struga,41.17799,20.6778393,2020-03-14,0,,,,,,,,,,,,,
Kochani,41.9163895,22.4127808,2020-03-14,0,,,,,,,,,,,,,
Ki?evo,41.5126686,20.9588604,2020-03-14,0,,,,,,,,,,,,,
Radovis,41.6383286,22.4647198,2020-03-14,0,,,,,,,,,,,,,
Kriva Palanka,42.2008781,22.3324394,2020-03-14,0,,,,,,,,,,,,,
Gevgelija ,41.1416588,22.5014095,2020-03-14,0,,,,,,,,,,,,,
Negotino,41.4845581,22.0905609,2020-03-14,0,,,,,,,,,,,,,
Resen,41.0893402,21.0109196,2020-03-14,0,,,,,,,,,,,,,
Delcevo ,41.9672203,22.7694397,2020-03-14,0,,,,,,,,,,,,,
Debar,41.5244408,20.52421,2020-03-14,5,,,,,,,,,,,,,
Vinica,41.8827782,22.5091705,2020-03-14,0,,,,,,,,,,,,,
Berovo,41.7030602,22.8577805,2020-03-14,0,,,,,,,,,,,,,
Sveti Nikole,41.8695602,21.9527397,2020-03-14,0,,,,,,,,,,,,,
Probishtip,42.0030594,22.1786098,2020-03-14,0,,,,,,,,,,,,,
Kratovo,42.0783806,22.1807003,2020-03-14,0,,,,,,,,,,,,,
Bogdanci,41.2030602,22.5755596,2020-03-14,0,,,,,,,,,,,,,
Demir Kapija,41.4061317,22.2463093,2020-03-14,0,,,,,,,,,,,,,
Makedonski Brod ,41.5136108,21.2152805,2020-03-14,0,,,,,,,,,,,,,
Krusevo,41.3688889,21.2488899,2020-03-14,0,,,,,,,,,,,,,
Valandovo,41.31744,22.5600204,2020-03-14,0,,,,,,,,,,,,,
Gradsko,41.5774994,21.9427795,2020-03-14,0,,,,,,,,,,,,,
Dojran,41.18647,22.7203007,2020-03-14,0,,,,,,,,,,,,,
Skopje,41.99646,21.4314098,2020-03-15,0,,,,,,,,,,,,,
Bitola,41.0314293,21.3347397,2020-03-15,0,,,,,,,,,,,,,
Kumanovo,42.1322212,21.7144394,2020-03-15,0,,,,,,,,,,,,,
Prilep,41.3451385,21.5550404,2020-03-15,0,,,,,,,,,,,,,
Tetovo,42.0097313,20.97155,2020-03-15,0,,,,,,,,,,,,,
Veles,41.7155609,21.7755604,2020-03-15,0,,,,,,,,,,,,,
Ohrid,41.1172218,20.8019409,2020-03-15,0,,,,,,,,,,,,,
Gostivar,41.7960091,20.9081898,2020-03-15,0,,,,,,,,,,,,,
Shtip,41.7458305,22.1958294,2020-03-15,0,,,,,,,,,,,,,
Strumica,41.4375,22.6433296,2020-03-15,0,,,,,,,,,,,,,
Kavadarci,41.4330597,22.01194,2020-03-15,0,,,,,,,,,,,,,
Struga,41.17799,20.6778393,2020-03-15,0,,,,,,,,,,,,,
Kochani,41.9163895,22.4127808,2020-03-15,0,,,,,,,,,,,,,
Ki?evo,41.5126686,20.9588604,2020-03-15,0,,,,,,,,,,,,,
Radovis,41.6383286,22.4647198,2020-03-15,0,,,,,,,,,,,,,
Kriva Palanka,42.2008781,22.3324394,2020-03-15,0,,,,,,,,,,,,,
Gevgelija ,41.1416588,22.5014095,2020-03-15,0,,,,,,,,,,,,,
Negotino,41.4845581,22.0905609,2020-03-15,0,,,,,,,,,,,,,
Resen,41.0893402,21.0109196,2020-03-15,0,,,,,,,,,,,,,
Delcevo ,41.9672203,22.7694397,2020-03-15,0,,,,,,,,,,,,,
Debar,41.5244408,20.52421,2020-03-15,0,,,,,,,,,,,,,
Vinica,41.8827782,22.5091705,2020-03-15,0,,,,,,,,,,,,,
Berovo,41.7030602,22.8577805,2020-03-15,0,,,,,,,,,,,,,
Sveti Nikole,41.8695602,21.9527397,2020-03-15,0,,,,,,,,,,,,,
Probishtip,42.0030594,22.1786098,2020-03-15,0,,,,,,,,,,,,,
Kratovo,42.0783806,22.1807003,2020-03-15,0,,,,,,,,,,,,,
Bogdanci,41.2030602,22.5755596,2020-03-15,0,,,,,,,,,,,,,
Demir Kapija,41.4061317,22.2463093,2020-03-15,0,,,,,,,,,,,,,
Makedonski Brod ,41.5136108,21.2152805,2020-03-15,0,,,,,,,,,,,,,
Krusevo,41.3688889,21.2488899,2020-03-15,0,,,,,,,,,,,,,
Valandovo,41.31744,22.5600204,2020-03-15,0,,,,,,,,,,,,,
Gradsko,41.5774994,21.9427795,2020-03-15,0,,,,,,,,,,,,,
Dojran,41.18647,22.7203007,2020-03-15,0,,,,,,,,,,,,,
Skopje,41.99646,21.4314098,2020-03-16,1,,,,,,,,,,,,,
Bitola,41.0314293,21.3347397,2020-03-16,0,,,,,,,,,,,,,
Kumanovo,42.1322212,21.7144394,2020-03-16,0,,,,,,,,,,,,,
Prilep,41.3451385,21.5550404,2020-03-16,0,,,,,,,,,,,,,
Tetovo,42.0097313,20.97155,2020-03-16,0,,,,,,,,,,,,,
Veles,41.7155609,21.7755604,2020-03-16,0,,,,,,,,,,,,,
Ohrid,41.1172218,20.8019409,2020-03-16,0,,,,,,,,,,,,,
Gostivar,41.7960091,20.9081898,2020-03-16,0,,,,,,,,,,,,,
Shtip,41.7458305,22.1958294,2020-03-16,0,,,,,,,,,,,,,
Strumica,41.4375,22.6433296,2020-03-16,0,,,,,,,,,,,,,
Kavadarci,41.4330597,22.01194,2020-03-16,0,,,,,,,,,,,,,
Struga,41.17799,20.6778393,2020-03-16,0,,,,,,,,,,,,,
Kochani,41.9163895,22.4127808,2020-03-16,0,,,,,,,,,,,,,
Ki?evo,41.5126686,20.9588604,2020-03-16,0,,,,,,,,,,,,,
Radovis,41.6383286,22.4647198,2020-03-16,0,,,,,,,,,,,,,
Kriva Palanka,42.2008781,22.3324394,2020-03-16,0,,,,,,,,,,,,,
Gevgelija ,41.1416588,22.5014095,2020-03-16,0,,,,,,,,,,,,,
Negotino,41.4845581,22.0905609,2020-03-16,0,,,,,,,,,,,,,
Resen,41.0893402,21.0109196,2020-03-16,0,,,,,,,,,,,,,
Delcevo ,41.9672203,22.7694397,2020-03-16,0,,,,,,,,,,,,,
Debar,41.5244408,20.52421,2020-03-16,4,,,,,,,,,,,,,
Vinica,41.8827782,22.5091705,2020-03-16,0,,,,,,,,,,,,,
Berovo,41.7030602,22.8577805,2020-03-16,0,,,,,,,,,,,,,
Sveti Nikole,41.8695602,21.9527397,2020-03-16,0,,,,,,,,,,,,,
Probishtip,42.0030594,22.1786098,2020-03-16,0,,,,,,,,,,,,,
Kratovo,42.0783806,22.1807003,2020-03-16,0,,,,,,,,,,,,,
Bogdanci,41.2030602,22.5755596,2020-03-16,0,,,,,,,,,,,,,
Demir Kapija,41.4061317,22.2463093,2020-03-16,0,,,,,,,,,,,,,
Makedonski Brod ,41.5136108,21.2152805,2020-03-16,0,,,,,,,,,,,,,
Krusevo,41.3688889,21.2488899,2020-03-16,0,,,,,,,,,,,,,
Valandovo,41.31744,22.5600204,2020-03-16,0,,,,,,,,,,,,,
Gradsko,41.5774994,21.9427795,2020-03-16,0,,,,,,,,,,,,,
Dojran,41.18647,22.7203007,2020-03-16,0,,,,,,,,,,,,,
Skopje,41.99646,21.4314098,2020-03-17,4,,,,,,,,,,,,,
Bitola,41.0314293,21.3347397,2020-03-17,0,,,,,,,,,,,,,
Kumanovo,42.1322212,21.7144394,2020-03-17,0,,,,,,,,,,,,,
Prilep,41.3451385,21.5550404,2020-03-17,0,,,,,,,,,,,,,
Tetovo,42.0097313,20.97155,2020-03-17,0,,,,,,,,,,,,,
Veles,41.7155609,21.7755604,2020-03-17,0,,,,,,,,,,,,,
Ohrid,41.1172218,20.8019409,2020-03-17,0,,,,,,,,,,,,,
Gostivar,41.7960091,20.9081898,2020-03-17,0,,,,,,,,,,,,,
Shtip,41.7458305,22.1958294,2020-03-17,0,,,,,,,,,,,,,
Strumica,41.4375,22.6433296,2020-03-17,0,,,,,,,,,,,,,
Kavadarci,41.4330597,22.01194,2020-03-17,0,,,,,,,,,,,,,
Struga,41.17799,20.6778393,2020-03-17,0,,,,,,,,,,,,,
Kochani,41.9163895,22.4127808,2020-03-17,0,,,,,,,,,,,,,
Ki?evo,41.5126686,20.9588604,2020-03-17,0,,,,,,,,,,,,,
Radovis,41.6383286,22.4647198,2020-03-17,0,,,,,,,,,,,,,
Kriva Palanka,42.2008781,22.3324394,2020-03-17,0,,,,,,,,,,,,,
Gevgelija ,41.1416588,22.5014095,2020-03-17,0,,,,,,,,,,,,,
Negotino,41.4845581,22.0905609,2020-03-17,0,,,,,,,,,,,,,
Resen,41.0893402,21.0109196,2020-03-17,0,,,,,,,,,,,,,
Delcevo ,41.9672203,22.7694397,2020-03-17,0,,,,,,,,,,,,,
Debar,41.5244408,20.52421,2020-03-17,4,,,,,,,,,,,,,
Vinica,41.8827782,22.5091705,2020-03-17,0,,,,,,,,,,,,,
Berovo,41.7030602,22.8577805,2020-03-17,0,,,,,,,,,,,,,
Sveti Nikole,41.8695602,21.9527397,2020-03-17,0,,,,,,,,,,,,,
Probishtip,42.0030594,22.1786098,2020-03-17,0,,,,,,,,,,,,,
Kratovo,42.0783806,22.1807003,2020-03-17,0,,,,,,,,,,,,,
Bogdanci,41.2030602,22.5755596,2020-03-17,0,,,,,,,,,,,,,
Demir Kapija,41.4061317,22.2463093,2020-03-17,0,,,,,,,,,,,,,
Makedonski Brod ,41.5136108,21.2152805,2020-03-17,0,,,,,,,,,,,,,
Krusevo,41.3688889,21.2488899,2020-03-17,0,,,,,,,,,,,,,
Valandovo,41.31744,22.5600204,2020-03-17,0,,,,,,,,,,,,,
Gradsko,41.5774994,21.9427795,2020-03-17,0,,,,,,,,,,,,,
Dojran,41.18647,22.7203007,2020-03-17,0,,,,,,,,,,,,,
Skopje,41.99646,21.4314098,2020-03-18,8,,,,,,,,,,,,,
Bitola,41.0314293,21.3347397,2020-03-18,0,,,,,,,,,,,,,
Kumanovo,42.1322212,21.7144394,2020-03-18,0,,,,,,,,,,,,,
Prilep,41.3451385,21.5550404,2020-03-18,0,,,,,,,,,,,,,
Tetovo,42.0097313,20.97155,2020-03-18,0,,,,,,,,,,,,,
Veles,41.7155609,21.7755604,2020-03-18,0,,,,,,,,,,,,,
Ohrid,41.1172218,20.8019409,2020-03-18,0,,,,,,,,,,,,,
Gostivar,41.7960091,20.9081898,2020-03-18,0,,,,,,,,,,,,,
Shtip,41.7458305,22.1958294,2020-03-18,0,,,,,,,,,,,,,
Strumica,41.4375,22.6433296,2020-03-18,0,,,,,,,,,,,,,
Kavadarci,41.4330597,22.01194,2020-03-18,0,,,,,,,,,,,,,
Struga,41.17799,20.6778393,2020-03-18,0,,,,,,,,,,,,,
Kochani,41.9163895,22.4127808,2020-03-18,0,,,,,,,,,,,,,
Ki?evo,41.5126686,20.9588604,2020-03-18,0,,,,,,,,,,,,,
Radovis,41.6383286,22.4647198,2020-03-18,0,,,,,,,,,,,,,
Kriva Palanka,42.2008781,22.3324394,2020-03-18,0,,,,,,,,,,,,,
Gevgelija ,41.1416588,22.5014095,2020-03-18,0,,,,,,,,,,,,,
Negotino,41.4845581,22.0905609,2020-03-18,0,,,,,,,,,,,,,
Resen,41.0893402,21.0109196,2020-03-18,0,,,,,,,,,,,,,
Delcevo ,41.9672203,22.7694397,2020-03-18,0,,,,,,,,,,,,,
Debar,41.5244408,20.52421,2020-03-18,3,,,,,,,,,,,,,
Vinica,41.8827782,22.5091705,2020-03-18,0,,,,,,,,,,,,,
Berovo,41.7030602,22.8577805,2020-03-18,0,,,,,,,,,,,,,
Sveti Nikole,41.8695602,21.9527397,2020-03-18,0,,,,,,,,,,,,,
Probishtip,42.0030594,22.1786098,2020-03-18,0,,,,,,,,,,,,,
Kratovo,42.0783806,22.1807003,2020-03-18,0,,,,,,,,,,,,,
Bogdanci,41.2030602,22.5755596,2020-03-18,0,,,,,,,,,,,,,
Demir Kapija,41.4061317,22.2463093,2020-03-18,0,,,,,,,,,,,,,
Makedonski Brod ,41.5136108,21.2152805,2020-03-18,0,,,,,,,,,,,,,
Krusevo,41.3688889,21.2488899,2020-03-18,0,,,,,,,,,,,,,
Valandovo,41.31744,22.5600204,2020-03-18,0,,,,,,,,,,,,,
Gradsko,41.5774994,21.9427795,2020-03-18,0,,,,,,,,,,,,,
Dojran,41.18647,22.7203007,2020-03-18,0,,,,,,,,,,,,,
Skopje,41.99646,21.4314098,2020-03-19,1,,,,,,,,,,,,,
Bitola,41.0314293,21.3347397,2020-03-19,0,,,,,,,,,,,,,
Kumanovo,42.1322212,21.7144394,2020-03-19,0,,,,,,,,,,,,,
Prilep,41.3451385,21.5550404,2020-03-19,0,,,,,,,,,,,,,
Tetovo,42.0097313,20.97155,2020-03-19,0,,,,,,,,,,,,,
Veles,41.7155609,21.7755604,2020-03-19,0,,,,,,,,,,,,,
Ohrid,41.1172218,20.8019409,2020-03-19,0,,,,,,,,,,,,,
Gostivar,41.7960091,20.9081898,2020-03-19,1,,,,,,,,,,,,,
Shtip,41.7458305,22.1958294,2020-03-19,1,,,,,,,,,,,,,
Strumica,41.4375,22.6433296,2020-03-19,0,,,,,,,,,,,,,
Kavadarci,41.4330597,22.01194,2020-03-19,0,,,,,,,,,,,,,
Struga,41.17799,20.6778393,2020-03-19,0,,,,,,,,,,,,,
Kochani,41.9163895,22.4127808,2020-03-19,0,,,,,,,,,,,,,
Ki?evo,41.5126686,20.9588604,2020-03-19,0,,,,,,,,,,,,,
Radovis,41.6383286,22.4647198,2020-03-19,0,,,,,,,,,,,,,
Kriva Palanka,42.2008781,22.3324394,2020-03-19,0,,,,,,,,,,,,,
Gevgelija ,41.1416588,22.5014095,2020-03-19,0,,,,,,,,,,,,,
Negotino,41.4845581,22.0905609,2020-03-19,0,,,,,,,,,,,,,
Resen,41.0893402,21.0109196,2020-03-19,0,,,,,,,,,,,,,
Delcevo ,41.9672203,22.7694397,2020-03-19,0,,,,,,,,,,,,,
Debar,41.5244408,20.52421,2020-03-19,3,,,,,,,,,,,,,
Vinica,41.8827782,22.5091705,2020-03-19,0,,,,,,,,,,,,,
Berovo,41.7030602,22.8577805,2020-03-19,0,,,,,,,,,,,,,
Sveti Nikole,41.8695602,21.9527397,2020-03-19,0,,,,,,,,,,,,,
Probishtip,42.0030594,22.1786098,2020-03-19,0,,,,,,,,,,,,,
Kratovo,42.0783806,22.1807003,2020-03-19,0,,,,,,,,,,,,,
Bogdanci,41.2030602,22.5755596,2020-03-19,0,,,,,,,,,,,,,
Demir Kapija,41.4061317,22.2463093,2020-03-19,0,,,,,,,,,,,,,
Makedonski Brod ,41.5136108,21.2152805,2020-03-19,0,,,,,,,,,,,,,
Krusevo,41.3688889,21.2488899,2020-03-19,0,,,,,,,,,,,,,
Valandovo,41.31744,22.5600204,2020-03-19,0,,,,,,,,,,,,,
Gradsko,41.5774994,21.9427795,2020-03-19,0,,,,,,,,,,,,,
Dojran,41.18647,22.7203007,2020-03-19,0,,,,,,,,,,,,,
Skopje,41.99646,21.4314098,2020-03-20,24,,,,,,,,,,,,,
Bitola,41.0314293,21.3347397,2020-03-20,0,,,,,,,,,,,,,
Kumanovo,42.1322212,21.7144394,2020-03-20,0,,,,,,,,,,,,,
Prilep,41.3451385,21.5550404,2020-03-20,0,,,,,,,,,,,,,
Tetovo,42.0097313,20.97155,2020-03-20,0,,,,,,,,,,,,,
Veles,41.7155609,21.7755604,2020-03-20,0,,,,,,,,,,,,,
Ohrid,41.1172218,20.8019409,2020-03-20,0,,,,,,,,,,,,,
Gostivar,41.7960091,20.9081898,2020-03-20,0,,,,,,,,,,,,,
Shtip,41.7458305,22.1958294,2020-03-20,1,,,,,,,,,,,,,
Strumica,41.4375,22.6433296,2020-03-20,0,,,,,,,,,,,,,
Kavadarci,41.4330597,22.01194,2020-03-20,2,,,,,,,,,,,,,
Struga,41.17799,20.6778393,2020-03-20,0,,,,,,,,,,,,,
Kochani,41.9163895,22.4127808,2020-03-20,0,,,,,,,,,,,,,
Ki?evo,41.5126686,20.9588604,2020-03-20,0,,,,,,,,,,,,,
Radovis,41.6383286,22.4647198,2020-03-20,0,,,,,,,,,,,,,
Kriva Palanka,42.2008781,22.3324394,2020-03-20,0,,,,,,,,,,,,,
Gevgelija ,41.1416588,22.5014095,2020-03-20,0,,,,,,,,,,,,,
Negotino,41.4845581,22.0905609,2020-03-20,0,,,,,,,,,,,,,
Resen,41.0893402,21.0109196,2020-03-20,0,,,,,,,,,,,,,
Delcevo ,41.9672203,22.7694397,2020-03-20,0,,,,,,,,,,,,,
Debar,41.5244408,20.52421,2020-03-20,0,,,,,,,,,,,,,
Vinica,41.8827782,22.5091705,2020-03-20,0,,,,,,,,,,,,,
Berovo,41.7030602,22.8577805,2020-03-20,0,,,,,,,,,,,,,
Sveti Nikole,41.8695602,21.9527397,2020-03-20,0,,,,,,,,,,,,,
Probishtip,42.0030594,22.1786098,2020-03-20,0,,,,,,,,,,,,,
Kratovo,42.0783806,22.1807003,2020-03-20,0,,,,,,,,,,,,,
Bogdanci,41.2030602,22.5755596,2020-03-20,0,,,,,,,,,,,,,
Demir Kapija,41.4061317,22.2463093,2020-03-20,0,,,,,,,,,,,,,
Makedonski Brod ,41.5136108,21.2152805,2020-03-20,0,,,,,,,,,,,,,
Krusevo,41.3688889,21.2488899,2020-03-20,0,,,,,,,,,,,,,
Valandovo,41.31744,22.5600204,2020-03-20,0,,,,,,,,,,,,,
Gradsko,41.5774994,21.9427795,2020-03-20,0,,,,,,,,,,,,,
Dojran,41.18647,22.7203007,2020-03-20,0,,,,,,,,,,,,,
Skopje,41.99646,21.4314098,2020-03-21,2,,,,,,,,,,,,,
Bitola,41.0314293,21.3347397,2020-03-21,0,,,,,,,,,,,,,
Kumanovo,42.1322212,21.7144394,2020-03-21,0,,,,,,,,,,,,,
Prilep,41.3451385,21.5550404,2020-03-21,0,,,,,,,,,,,,,
Tetovo,42.0097313,20.97155,2020-03-21,0,,,,,,,,,,,,,
Veles,41.7155609,21.7755604,2020-03-21,0,,,,,,,,,,,,,
Ohrid,41.1172218,20.8019409,2020-03-21,1,,,,,,,,,,,,,
Gostivar,41.7960091,20.9081898,2020-03-21,0,,,,,,,,,,,,,
Shtip,41.7458305,22.1958294,2020-03-21,2,,,,,,,,,,,,,
Strumica,41.4375,22.6433296,2020-03-21,0,,,,,,,,,,,,,
Kavadarci,41.4330597,22.01194,2020-03-21,0,,,,,,,,,,,,,
Struga,41.17799,20.6778393,2020-03-21,0,,,,,,,,,,,,,
Kochani,41.9163895,22.4127808,2020-03-21,0,,,,,,,,,,,,,
Ki?evo,41.5126686,20.9588604,2020-03-21,0,,,,,,,,,,,,,
Radovis,41.6383286,22.4647198,2020-03-21,0,,,,,,,,,,,,,
Kriva Palanka,42.2008781,22.3324394,2020-03-21,0,,,,,,,,,,,,,
Gevgelija ,41.1416588,22.5014095,2020-03-21,0,,,,,,,,,,,,,
Negotino,41.4845581,22.0905609,2020-03-21,0,,,,,,,,,,,,,
Resen,41.0893402,21.0109196,2020-03-21,0,,,,,,,,,,,,,
Delcevo ,41.9672203,22.7694397,2020-03-21,0,,,,,,,,,,,,,
Debar,41.5244408,20.52421,2020-03-21,5,,,,,,,,,,,,,
Vinica,41.8827782,22.5091705,2020-03-21,0,,,,,,,,,,,,,
Berovo,41.7030602,22.8577805,2020-03-21,0,,,,,,,,,,,,,
Sveti Nikole,41.8695602,21.9527397,2020-03-21,0,,,,,,,,,,,,,
Probishtip,42.0030594,22.1786098,2020-03-21,0,,,,,,,,,,,,,
Kratovo,42.0783806,22.1807003,2020-03-21,0,,,,,,,,,,,,,
Bogdanci,41.2030602,22.5755596,2020-03-21,0,,,,,,,,,,,,,
Demir Kapija,41.4061317,22.2463093,2020-03-21,0,,,,,,,,,,,,,
Makedonski Brod ,41.5136108,21.2152805,2020-03-21,0,,,,,,,,,,,,,
Krusevo,41.3688889,21.2488899,2020-03-21,0,,,,,,,,,,,,,
Valandovo,41.31744,22.5600204,2020-03-21,0,,,,,,,,,,,,,
Gradsko,41.5774994,21.9427795,2020-03-21,0,,,,,,,,,,,,,
Dojran,41.18647,22.7203007,2020-03-21,0,,,,,,,,,,,,,
Skopje,41.99646,21.4314098,2020-03-22,22,,,,,,,,,,,,,
Bitola,41.0314293,21.3347397,2020-03-22,0,,,,,,,,,,,,,
Kumanovo,42.1322212,21.7144394,2020-03-22,1,,,,,,,,,,,,,
Prilep,41.3451385,21.5550404,2020-03-22,0,,,,,,,,,,,,,
Tetovo,42.0097313,20.97155,2020-03-22,0,,,,,,,,,,,,,
Veles,41.7155609,21.7755604,2020-03-22,0,,,,,,,,,,,,,
Ohrid,41.1172218,20.8019409,2020-03-22,1,,,,,,,,,,,,,
Gostivar,41.7960091,20.9081898,2020-03-22,0,,,,,,,,,,,,,
Shtip,41.7458305,22.1958294,2020-03-22,3,,,,,,,,,,,,,
Strumica,41.4375,22.6433296,2020-03-22,0,,,,,,,,,,,,,
Kavadarci,41.4330597,22.01194,2020-03-22,0,,,,,,,,,,,,,
Struga,41.17799,20.6778393,2020-03-22,0,,,,,,,,,,,,,
Kochani,41.9163895,22.4127808,2020-03-22,0,,,,,,,,,,,,,
Ki?evo,41.5126686,20.9588604,2020-03-22,0,,,,,,,,,,,,,
Radovis,41.6383286,22.4647198,2020-03-22,0,,,,,,,,,,,,,
Kriva Palanka,42.2008781,22.3324394,2020-03-22,0,,,,,,,,,,,,,
Gevgelija ,41.1416588,22.5014095,2020-03-22,0,,,,,,,,,,,,,
Negotino,41.4845581,22.0905609,2020-03-22,0,,,,,,,,,,,,,
Resen,41.0893402,21.0109196,2020-03-22,0,,,,,,,,,,,,,
Delcevo ,41.9672203,22.7694397,2020-03-22,0,,,,,,,,,,,,,
Debar,41.5244408,20.52421,2020-03-22,2,,,,,,,,,,,,,
Vinica,41.8827782,22.5091705,2020-03-22,0,,,,,,,,,,,,,
Berovo,41.7030602,22.8577805,2020-03-22,0,,,,,,,,,,,,,
Sveti Nikole,41.8695602,21.9527397,2020-03-22,0,,,,,,,,,,,,,
Probishtip,42.0030594,22.1786098,2020-03-22,0,,,,,,,,,,,,,
Kratovo,42.0783806,22.1807003,2020-03-22,0,,,,,,,,,,,,,
Bogdanci,41.2030602,22.5755596,2020-03-22,0,,,,,,,,,,,,,
Demir Kapija,41.4061317,22.2463093,2020-03-22,0,,,,,,,,,,,,,
Makedonski Brod ,41.5136108,21.2152805,2020-03-22,0,,,,,,,,,,,,,
Krusevo,41.3688889,21.2488899,2020-03-22,0,,,,,,,,,,,,,
Valandovo,41.31744,22.5600204,2020-03-22,0,,,,,,,,,,,,,
Gradsko,41.5774994,21.9427795,2020-03-22,0,,,,,,,,,,,,,
Dojran,41.18647,22.7203007,2020-03-22,0,,,,,,,,,,,,,
Skopje,41.99646,21.4314098,2020-03-23,15,,,,,,,,,,,,,
Bitola,41.0314293,21.3347397,2020-03-23,0,,,,,,,,,,,,,
Kumanovo,42.1322212,21.7144394,2020-03-23,2,,,,,,,,,,,,,
Prilep,41.3451385,21.5550404,2020-03-23,0,,,,,,,,,,,,,
Tetovo,42.0097313,20.97155,2020-03-23,0,,,,,,,,,,,,,
Veles,41.7155609,21.7755604,2020-03-23,0,,,,,,,,,,,,,
Ohrid,41.1172218,20.8019409,2020-03-23,0,,,,,,,,,,,,,
Gostivar,41.7960091,20.9081898,2020-03-23,0,,,,,,,,,,,,,
Shtip,41.7458305,22.1958294,2020-03-23,0,,,,,,,,,,,,,
Strumica,41.4375,22.6433296,2020-03-23,0,,,,,,,,,,,,,
Kavadarci,41.4330597,22.01194,2020-03-23,0,,,,,,,,,,,,,
Struga,41.17799,20.6778393,2020-03-23,0,,,,,,,,,,,,,
Kochani,41.9163895,22.4127808,2020-03-23,0,,,,,,,,,,,,,
Ki?evo,41.5126686,20.9588604,2020-03-23,0,,,,,,,,,,,,,
Radovis,41.6383286,22.4647198,2020-03-23,0,,,,,,,,,,,,,
Kriva Palanka,42.2008781,22.3324394,2020-03-23,0,,,,,,,,,,,,,
Gevgelija ,41.1416588,22.5014095,2020-03-23,0,,,,,,,,,,,,,
Negotino,41.4845581,22.0905609,2020-03-23,0,,,,,,,,,,,,,
Resen,41.0893402,21.0109196,2020-03-23,0,,,,,,,,,,,,,
Delcevo ,41.9672203,22.7694397,2020-03-23,0,,,,,,,,,,,,,
Debar,41.5244408,20.52421,2020-03-23,4,,,,,,,,,,,,,
Vinica,41.8827782,22.5091705,2020-03-23,0,,,,,,,,,,,,,
Berovo,41.7030602,22.8577805,2020-03-23,0,,,,,,,,,,,,,
Sveti Nikole,41.8695602,21.9527397,2020-03-23,0,,,,,,,,,,,,,
Probishtip,42.0030594,22.1786098,2020-03-23,0,,,,,,,,,,,,,
Kratovo,42.0783806,22.1807003,2020-03-23,0,,,,,,,,,,,,,
Bogdanci,41.2030602,22.5755596,2020-03-23,0,,,,,,,,,,,,,
Demir Kapija,41.4061317,22.2463093,2020-03-23,0,,,,,,,,,,,,,
Makedonski Brod ,41.5136108,21.2152805,2020-03-23,0,,,,,,,,,,,,,
Krusevo,41.3688889,21.2488899,2020-03-23,0,,,,,,,,,,,,,
Valandovo,41.31744,22.5600204,2020-03-23,0,,,,,,,,,,,,,
Gradsko,41.5774994,21.9427795,2020-03-23,0,,,,,,,,,,,,,
Dojran,41.18647,22.7203007,2020-03-23,0,,,,,,,,,,,,,
Skopje,41.99646,21.4314098,2020-03-24,7,,,,,,,,,,,,,
Bitola,41.0314293,21.3347397,2020-03-24,0,,,,,,,,,,,,,
Kumanovo,42.1322212,21.7144394,2020-03-24,5,,,,,,,,,,,,,
Prilep,41.3451385,21.5550404,2020-03-24,0,,,,,,,,,,,,,
Tetovo,42.0097313,20.97155,2020-03-24,0,,,,,,,,,,,,,
Veles,41.7155609,21.7755604,2020-03-24,0,,,,,,,,,,,,,
Ohrid,41.1172218,20.8019409,2020-03-24,0,,,,,,,,,,,,,
Gostivar,41.7960091,20.9081898,2020-03-24,0,,,,,,,,,,,,,
Shtip,41.7458305,22.1958294,2020-03-24,0,,,,,,,,,,,,,
Strumica,41.4375,22.6433296,2020-03-24,0,,,,,,,,,,,,,
Kavadarci,41.4330597,22.01194,2020-03-24,0,,,,,,,,,,,,,
Struga,41.17799,20.6778393,2020-03-24,0,,,,,,,,,,,,,
Kochani,41.9163895,22.4127808,2020-03-24,0,,,,,,,,,,,,,
Ki?evo,41.5126686,20.9588604,2020-03-24,0,,,,,,,,,,,,,
Radovis,41.6383286,22.4647198,2020-03-24,0,,,,,,,,,,,,,
Kriva Palanka,42.2008781,22.3324394,2020-03-24,0,,,,,,,,,,,,,
Gevgelija ,41.1416588,22.5014095,2020-03-24,0,,,,,,,,,,,,,
Negotino,41.4845581,22.0905609,2020-03-24,0,,,,,,,,,,,,,
Resen,41.0893402,21.0109196,2020-03-24,0,,,,,,,,,,,,,
Delcevo ,41.9672203,22.7694397,2020-03-24,0,,,,,,,,,,,,,
Debar,41.5244408,20.52421,2020-03-24,0,,,,,,,,,,,,,
Vinica,41.8827782,22.5091705,2020-03-24,0,,,,,,,,,,,,,
Berovo,41.7030602,22.8577805,2020-03-24,0,,,,,,,,,,,,,
Sveti Nikole,41.8695602,21.9527397,2020-03-24,0,,,,,,,,,,,,,
Probishtip,42.0030594,22.1786098,2020-03-24,0,,,,,,,,,,,,,
Kratovo,42.0783806,22.1807003,2020-03-24,0,,,,,,,,,,,,,
Bogdanci,41.2030602,22.5755596,2020-03-24,0,,,,,,,,,,,,,
Demir Kapija,41.4061317,22.2463093,2020-03-24,0,,,,,,,,,,,,,
Makedonski Brod ,41.5136108,21.2152805,2020-03-24,0,,,,,,,,,,,,,
Krusevo,41.3688889,21.2488899,2020-03-24,0,,,,,,,,,,,,,
Valandovo,41.31744,22.5600204,2020-03-24,0,,,,,,,,,,,,,
Gradsko,41.5774994,21.9427795,2020-03-24,0,,,,,,,,,,,,,
Dojran,41.18647,22.7203007,2020-03-24,0,,,,,,,,,,,,,
Skopje,41.99646,21.4314098,2020-03-25,20,,,,,,,,,,,,,
Bitola,41.0314293,21.3347397,2020-03-25,0,,,,,,,,,,,,,
Kumanovo,42.1322212,21.7144394,2020-03-25,3,,,,,,,,,,,,,
Prilep,41.3451385,21.5550404,2020-03-25,2,,,,,,,,,,,,,
Tetovo,42.0097313,20.97155,2020-03-25,0,,,,,,,,,,,,,
Veles,41.7155609,21.7755604,2020-03-25,3,,,,,,,,,,,,,
Ohrid,41.1172218,20.8019409,2020-03-25,0,,,,,,,,,,,,,
Gostivar,41.7960091,20.9081898,2020-03-25,0,,,,,,,,,,,,,
Shtip,41.7458305,22.1958294,2020-03-25,0,,,,,,,,,,,,,
Strumica,41.4375,22.6433296,2020-03-25,0,,,,,,,,,,,,,
Kavadarci,41.4330597,22.01194,2020-03-25,0,,,,,,,,,,,,,
Struga,41.17799,20.6778393,2020-03-25,0,,,,,,,,,,,,,
Kochani,41.9163895,22.4127808,2020-03-25,0,,,,,,,,,,,,,
Ki?evo,41.5126686,20.9588604,2020-03-25,0,,,,,,,,,,,,,
Radovis,41.6383286,22.4647198,2020-03-25,0,,,,,,,,,,,,,
Kriva Palanka,42.2008781,22.3324394,2020-03-25,0,,,,,,,,,,,,,
Gevgelija ,41.1416588,22.5014095,2020-03-25,0,,,,,,,,,,,,,
Negotino,41.4845581,22.0905609,2020-03-25,0,,,,,,,,,,,,,
Resen,41.0893402,21.0109196,2020-03-25,0,,,,,,,,,,,,,
Delcevo ,41.9672203,22.7694397,2020-03-25,0,,,,,,,,,,,,,
Debar,41.5244408,20.52421,2020-03-25,1,,,,,,,,,,,,,
Vinica,41.8827782,22.5091705,2020-03-25,0,,,,,,,,,,,,,
Berovo,41.7030602,22.8577805,2020-03-25,0,,,,,,,,,,,,,
Sveti Nikole,41.8695602,21.9527397,2020-03-25,0,,,,,,,,,,,,,
Probishtip,42.0030594,22.1786098,2020-03-25,0,,,,,,,,,,,,,
Kratovo,42.0783806,22.1807003,2020-03-25,0,,,,,,,,,,,,,
Bogdanci,41.2030602,22.5755596,2020-03-25,0,,,,,,,,,,,,,
Demir Kapija,41.4061317,22.2463093,2020-03-25,0,,,,,,,,,,,,,
Makedonski Brod ,41.5136108,21.2152805,2020-03-25,0,,,,,,,,,,,,,
Krusevo,41.3688889,21.2488899,2020-03-25,0,,,,,,,,,,,,,
Valandovo,41.31744,22.5600204,2020-03-25,0,,,,,,,,,,,,,
Gradsko,41.5774994,21.9427795,2020-03-25,0,,,,,,,,,,,,,
Dojran,41.18647,22.7203007,2020-03-25,0,,,,,,,,,,,,,
Skopje,41.99646,21.4314098,2020-03-26,15,,,,,,,,,,,,,
Bitola,41.0314293,21.3347397,2020-03-26,0,,,,,,,,,,,,,
Kumanovo,42.1322212,21.7144394,2020-03-26,4,,,,,,,,,,,,,
Prilep,41.3451385,21.5550404,2020-03-26,0,,,,,,,,,,,,,
Tetovo,42.0097313,20.97155,2020-03-26,1,,,,,,,,,,,,,
Veles,41.7155609,21.7755604,2020-03-26,0,,,,,,,,,,,,,
Ohrid,41.1172218,20.8019409,2020-03-26,1,,,,,,,,,,,,,
Gostivar,41.7960091,20.9081898,2020-03-26,0,,,,,,,,,,,,,
Shtip,41.7458305,22.1958294,2020-03-26,1,,,,,,,,,,,,,
Strumica,41.4375,22.6433296,2020-03-26,0,,,,,,,,,,,,,
Kavadarci,41.4330597,22.01194,2020-03-26,0,,,,,,,,,,,,,
Struga,41.17799,20.6778393,2020-03-26,0,,,,,,,,,,,,,
Kochani,41.9163895,22.4127808,2020-03-26,0,,,,,,,,,,,,,
Ki?evo,41.5126686,20.9588604,2020-03-26,0,,,,,,,,,,,,,
Radovis,41.6383286,22.4647198,2020-03-26,0,,,,,,,,,,,,,
Kriva Palanka,42.2008781,22.3324394,2020-03-26,0,,,,,,,,,,,,,
Gevgelija ,41.1416588,22.5014095,2020-03-26,0,,,,,,,,,,,,,
Negotino,41.4845581,22.0905609,2020-03-26,0,,,,,,,,,,,,,
Resen,41.0893402,21.0109196,2020-03-26,0,,,,,,,,,,,,,
Delcevo ,41.9672203,22.7694397,2020-03-26,0,,,,,,,,,,,,,
Debar,41.5244408,20.52421,2020-03-26,2,,,,,,,,,,,,,
Vinica,41.8827782,22.5091705,2020-03-26,0,,,,,,,,,,,,,
Berovo,41.7030602,22.8577805,2020-03-26,0,,,,,,,,,,,,,
Sveti Nikole,41.8695602,21.9527397,2020-03-26,0,,,,,,,,,,,,,
Probishtip,42.0030594,22.1786098,2020-03-26,0,,,,,,,,,,,,,
Kratovo,42.0783806,22.1807003,2020-03-26,0,,,,,,,,,,,,,
Bogdanci,41.2030602,22.5755596,2020-03-26,0,,,,,,,,,,,,,
Demir Kapija,41.4061317,22.2463093,2020-03-26,0,,,,,,,,,,,,,
Makedonski Brod ,41.5136108,21.2152805,2020-03-26,0,,,,,,,,,,,,,
Krusevo,41.3688889,21.2488899,2020-03-26,0,,,,,,,,,,,,,
Valandovo,41.31744,22.5600204,2020-03-26,0,,,,,,,,,,,,,
Gradsko,41.5774994,21.9427795,2020-03-26,0,,,,,,,,,,,,,
Dojran,41.18647,22.7203007,2020-03-26,0,,,,,,,,,,,,,
Skopje,41.99646,21.4314098,2020-03-27,11,,,,,,,,,,,,,
Bitola,41.0314293,21.3347397,2020-03-27,0,,,,,,,,,,,,,
Kumanovo,42.1322212,21.7144394,2020-03-27,2,,,,,,,,,,,,,
Prilep,41.3451385,21.5550404,2020-03-27,4,,,,,,,,,,,,,
Tetovo,42.0097313,20.97155,2020-03-27,1,,,,,,,,,,,,,
Veles,41.7155609,21.7755604,2020-03-27,0,,,,,,,,,,,,,
Ohrid,41.1172218,20.8019409,2020-03-27,0,,,,,,,,,,,,,
Gostivar,41.7960091,20.9081898,2020-03-27,0,,,,,,,,,,,,,
Shtip,41.7458305,22.1958294,2020-03-27,0,,,,,,,,,,,,,
Strumica,41.4375,22.6433296,2020-03-27,0,,,,,,,,,,,,,
Kavadarci,41.4330597,22.01194,2020-03-27,0,,,,,,,,,,,,,
Struga,41.17799,20.6778393,2020-03-27,0,,,,,,,,,,,,,
Kochani,41.9163895,22.4127808,2020-03-27,0,,,,,,,,,,,,,
Ki?evo,41.5126686,20.9588604,2020-03-27,0,,,,,,,,,,,,,
Radovis,41.6383286,22.4647198,2020-03-27,0,,,,,,,,,,,,,
Kriva Palanka,42.2008781,22.3324394,2020-03-27,0,,,,,,,,,,,,,
Gevgelija ,41.1416588,22.5014095,2020-03-27,0,,,,,,,,,,,,,
Negotino,41.4845581,22.0905609,2020-03-27,0,,,,,,,,,,,,,
Resen,41.0893402,21.0109196,2020-03-27,0,,,,,,,,,,,,,
Delcevo ,41.9672203,22.7694397,2020-03-27,0,,,,,,,,,,,,,
Debar,41.5244408,20.52421,2020-03-27,0,,,,,,,,,,,,,
Vinica,41.8827782,22.5091705,2020-03-27,0,,,,,,,,,,,,,
Berovo,41.7030602,22.8577805,2020-03-27,0,,,,,,,,,,,,,
Sveti Nikole,41.8695602,21.9527397,2020-03-27,0,,,,,,,,,,,,,
Probishtip,42.0030594,22.1786098,2020-03-27,0,,,,,,,,,,,,,
Kratovo,42.0783806,22.1807003,2020-03-27,0,,,,,,,,,,,,,
Bogdanci,41.2030602,22.5755596,2020-03-27,0,,,,,,,,,,,,,
Demir Kapija,41.4061317,22.2463093,2020-03-27,0,,,,,,,,,,,,,
Makedonski Brod ,41.5136108,21.2152805,2020-03-27,0,,,,,,,,,,,,,
Krusevo,41.3688889,21.2488899,2020-03-27,0,,,,,,,,,,,,,
Valandovo,41.31744,22.5600204,2020-03-27,0,,,,,,,,,,,,,
Gradsko,41.5774994,21.9427795,2020-03-27,0,,,,,,,,,,,,,
Dojran,41.18647,22.7203007,2020-03-27,0,,,,,,,,,,,,,
Skopje,41.99646,21.4314098,2020-03-28,9,,,,,,,,,,,,,
Bitola,41.0314293,21.3347397,2020-03-28,1,,,,,,,,,,,,,
Kumanovo,42.1322212,21.7144394,2020-03-28,3,,,,,,,,,,,,,
Prilep,41.3451385,21.5550404,2020-03-28,2,,,,,,,,,,,,,
Tetovo,42.0097313,20.97155,2020-03-28,2,,,,,,,,,,,,,
Veles,41.7155609,21.7755604,2020-03-28,0,,,,,,,,,,,,,
Ohrid,41.1172218,20.8019409,2020-03-28,0,,,,,,,,,,,,,
Gostivar,41.7960091,20.9081898,2020-03-28,0,,,,,,,,,,,,,
Shtip,41.7458305,22.1958294,2020-03-28,0,,,,,,,,,,,,,
Strumica,41.4375,22.6433296,2020-03-28,0,,,,,,,,,,,,,
Kavadarci,41.4330597,22.01194,2020-03-28,0,,,,,,,,,,,,,
Struga,41.17799,20.6778393,2020-03-28,3,,,,,,,,,,,,,
Kochani,41.9163895,22.4127808,2020-03-28,0,,,,,,,,,,,,,
Ki?evo,41.5126686,20.9588604,2020-03-28,0,,,,,,,,,,,,,
Radovis,41.6383286,22.4647198,2020-03-28,0,,,,,,,,,,,,,
Kriva Palanka,42.2008781,22.3324394,2020-03-28,0,,,,,,,,,,,,,
Gevgelija ,41.1416588,22.5014095,2020-03-28,0,,,,,,,,,,,,,
Negotino,41.4845581,22.0905609,2020-03-28,0,,,,,,,,,,,,,
Resen,41.0893402,21.0109196,2020-03-28,0,,,,,,,,,,,,,
Delcevo ,41.9672203,22.7694397,2020-03-28,0,,,,,,,,,,,,,
Debar,41.5244408,20.52421,2020-03-28,2,,,,,,,,,,,,,
Vinica,41.8827782,22.5091705,2020-03-28,0,,,,,,,,,,,,,
Berovo,41.7030602,22.8577805,2020-03-28,0,,,,,,,,,,,,,
Sveti Nikole,41.8695602,21.9527397,2020-03-28,0,,,,,,,,,,,,,
Probishtip,42.0030594,22.1786098,2020-03-28,0,,,,,,,,,,,,,
Kratovo,42.0783806,22.1807003,2020-03-28,0,,,,,,,,,,,,,
Bogdanci,41.2030602,22.5755596,2020-03-28,0,,,,,,,,,,,,,
Demir Kapija,41.4061317,22.2463093,2020-03-28,0,,,,,,,,,,,,,
Makedonski Brod ,41.5136108,21.2152805,2020-03-28,0,,,,,,,,,,,,,
Krusevo,41.3688889,21.2488899,2020-03-28,0,,,,,,,,,,,,,
Valandovo,41.31744,22.5600204,2020-03-28,0,,,,,,,,,,,,,
Gradsko,41.5774994,21.9427795,2020-03-28,0,,,,,,,,,,,,,
Dojran,41.18647,22.7203007,2020-03-28,0,,,,,,,,,,,,,
Skopje,41.99646,21.4314098,2020-03-29,3,,,,,,,,,,,,,
Bitola,41.0314293,21.3347397,2020-03-29,0,,,,,,,,,,,,,
Kumanovo,42.1322212,21.7144394,2020-03-29,0,,,,,,,,,,,,,
Prilep,41.3451385,21.5550404,2020-03-29,0,,,,,,,,,,,,,
Tetovo,42.0097313,20.97155,2020-03-29,1,,,,,,,,,,,,,
Veles,41.7155609,21.7755604,2020-03-29,3,,,,,,,,,,,,,
Ohrid,41.1172218,20.8019409,2020-03-29,0,,,,,,,,,,,,,
Gostivar,41.7960091,20.9081898,2020-03-29,0,,,,,,,,,,,,,
Shtip,41.7458305,22.1958294,2020-03-29,6,,,,,,,,,,,,,
Strumica,41.4375,22.6433296,2020-03-29,1,,,,,,,,,,,,,
Kavadarci,41.4330597,22.01194,2020-03-29,0,,,,,,,,,,,,,
Struga,41.17799,20.6778393,2020-03-29,2,,,,,,,,,,,,,
Kochani,41.9163895,22.4127808,2020-03-29,0,,,,,,,,,,,,,
Ki?evo,41.5126686,20.9588604,2020-03-29,0,,,,,,,,,,,,,
Radovis,41.6383286,22.4647198,2020-03-29,0,,,,,,,,,,,,,
Kriva Palanka,42.2008781,22.3324394,2020-03-29,0,,,,,,,,,,,,,
Gevgelija ,41.1416588,22.5014095,2020-03-29,1,,,,,,,,,,,,,
Negotino,41.4845581,22.0905609,2020-03-29,0,,,,,,,,,,,,,
Resen,41.0893402,21.0109196,2020-03-29,0,,,,,,,,,,,,,
Delcevo ,41.9672203,22.7694397,2020-03-29,0,,,,,,,,,,,,,
Debar,41.5244408,20.52421,2020-03-29,1,,,,,,,,,,,,,
Vinica,41.8827782,22.5091705,2020-03-29,0,,,,,,,,,,,,,
Berovo,41.7030602,22.8577805,2020-03-29,0,,,,,,,,,,,,,
Sveti Nikole,41.8695602,21.9527397,2020-03-29,0,,,,,,,,,,,,,
Probishtip,42.0030594,22.1786098,2020-03-29,0,,,,,,,,,,,,,
Kratovo,42.0783806,22.1807003,2020-03-29,0,,,,,,,,,,,,,
Bogdanci,41.2030602,22.5755596,2020-03-29,0,,,,,,,,,,,,,
Demir Kapija,41.4061317,22.2463093,2020-03-29,0,,,,,,,,,,,,,
Makedonski Brod ,41.5136108,21.2152805,2020-03-29,0,,,,,,,,,,,,,
Krusevo,41.3688889,21.2488899,2020-03-29,0,,,,,,,,,,,,,
Valandovo,41.31744,22.5600204,2020-03-29,0,,,,,,,,,,,,,
Gradsko,41.5774994,21.9427795,2020-03-29,0,,,,,,,,,,,,,
Dojran,41.18647,22.7203007,2020-03-29,0,,,,,,,,,,,,,
Skopje,41.99646,21.4314098,2020-03-30,19,,,,,,,,,,,,,
Bitola,41.0314293,21.3347397,2020-03-30,0,,,,,,,,,,,,,
Kumanovo,42.1322212,21.7144394,2020-03-30,3,,,,,,,,,,,,,
Prilep,41.3451385,21.5550404,2020-03-30,1,,,,,,,,,,,,,
Tetovo,42.0097313,20.97155,2020-03-30,1,,,,,,,,,,,,,
Veles,41.7155609,21.7755604,2020-03-30,0,,,,,,,,,,,,,
Ohrid,41.1172218,20.8019409,2020-03-30,0,,,,,,,,,,,,,
Gostivar,41.7960091,20.9081898,2020-03-30,0,,,,,,,,,,,,,
Shtip,41.7458305,22.1958294,2020-03-30,0,,,,,,,,,,,,,
Strumica,41.4375,22.6433296,2020-03-30,0,,,,,,,,,,,,,
Kavadarci,41.4330597,22.01194,2020-03-30,0,,,,,,,,,,,,,
Struga,41.17799,20.6778393,2020-03-30,0,,,,,,,,,,,,,
Kochani,41.9163895,22.4127808,2020-03-30,0,,,,,,,,,,,,,
Ki?evo,41.5126686,20.9588604,2020-03-30,0,,,,,,,,,,,,,
Radovis,41.6383286,22.4647198,2020-03-30,0,,,,,,,,,,,,,
Kriva Palanka,42.2008781,22.3324394,2020-03-30,1,,,,,,,,,,,,,
Gevgelija ,41.1416588,22.5014095,2020-03-30,0,,,,,,,,,,,,,
Negotino,41.4845581,22.0905609,2020-03-30,0,,,,,,,,,,,,,
Resen,41.0893402,21.0109196,2020-03-30,0,,,,,,,,,,,,,
Delcevo ,41.9672203,22.7694397,2020-03-30,0,,,,,,,,,,,,,
Debar,41.5244408,20.52421,2020-03-30,1,,,,,,,,,,,,,
Vinica,41.8827782,22.5091705,2020-03-30,0,,,,,,,,,,,,,
Berovo,41.7030602,22.8577805,2020-03-30,0,,,,,,,,,,,,,
Sveti Nikole,41.8695602,21.9527397,2020-03-30,0,,,,,,,,,,,,,
Probishtip,42.0030594,22.1786098,2020-03-30,0,,,,,,,,,,,,,
Kratovo,42.0783806,22.1807003,2020-03-30,0,,,,,,,,,,,,,
Bogdanci,41.2030602,22.5755596,2020-03-30,0,,,,,,,,,,,,,
Demir Kapija,41.4061317,22.2463093,2020-03-30,0,,,,,,,,,,,,,
Makedonski Brod ,41.5136108,21.2152805,2020-03-30,0,,,,,,,,,,,,,
Krusevo,41.3688889,21.2488899,2020-03-30,0,,,,,,,,,,,,,
Valandovo,41.31744,22.5600204,2020-03-30,0,,,,,,,,,,,,,
Gradsko,41.5774994,21.9427795,2020-03-30,0,,,,,,,,,,,,,
Dojran,41.18647,22.7203007,2020-03-30,0,,,,,,,,,,,,,
Skopje,41.99646,21.4314098,2020-03-31,12,,,,,,,,,,,,,
Bitola,41.0314293,21.3347397,2020-03-31,3,,,,,,,,,,,,,
Kumanovo,42.1322212,21.7144394,2020-03-31,23,,,,,,,,,,,,,
Prilep,41.3451385,21.5550404,2020-03-31,1,,,,,,,,,,,,,
Tetovo,42.0097313,20.97155,2020-03-31,2,,,,,,,,,,,,,
Veles,41.7155609,21.7755604,2020-03-31,0,,,,,,,,,,,,,
Ohrid,41.1172218,20.8019409,2020-03-31,0,,,,,,,,,,,,,
Gostivar,41.7960091,20.9081898,2020-03-31,0,,,,,,,,,,,,,
Shtip,41.7458305,22.1958294,2020-03-31,1,,,,,,,,,,,,,
Strumica,41.4375,22.6433296,2020-03-31,0,,,,,,,,,,,,,
Kavadarci,41.4330597,22.01194,2020-03-31,0,,,,,,,,,,,,,
Struga,41.17799,20.6778393,2020-03-31,2,,,,,,,,,,,,,
Kochani,41.9163895,22.4127808,2020-03-31,0,,,,,,,,,,,,,
Ki?evo,41.5126686,20.9588604,2020-03-31,0,,,,,,,,,,,,,
Radovis,41.6383286,22.4647198,2020-03-31,0,,,,,,,,,,,,,
Kriva Palanka,42.2008781,22.3324394,2020-03-31,0,,,,,,,,,,,,,
Gevgelija ,41.1416588,22.5014095,2020-03-31,0,,,,,,,,,,,,,
Negotino,41.4845581,22.0905609,2020-03-31,0,,,,,,,,,,,,,
Resen,41.0893402,21.0109196,2020-03-31,0,,,,,,,,,,,,,
Delcevo ,41.9672203,22.7694397,2020-03-31,0,,,,,,,,,,,,,
Debar,41.5244408,20.52421,2020-03-31,0,,,,,,,,,,,,,
Vinica,41.8827782,22.5091705,2020-03-31,0,,,,,,,,,,,,,
Berovo,41.7030602,22.8577805,2020-03-31,0,,,,,,,,,,,,,
Sveti Nikole,41.8695602,21.9527397,2020-03-31,0,,,,,,,,,,,,,
Probishtip,42.0030594,22.1786098,2020-03-31,0,,,,,,,,,,,,,
Kratovo,42.0783806,22.1807003,2020-03-31,0,,,,,,,,,,,,,
Bogdanci,41.2030602,22.5755596,2020-03-31,0,,,,,,,,,,,,,
Demir Kapija,41.4061317,22.2463093,2020-03-31,0,,,,,,,,,,,,,
Makedonski Brod ,41.5136108,21.2152805,2020-03-31,0,,,,,,,,,,,,,
Krusevo,41.3688889,21.2488899,2020-03-31,0,,,,,,,,,,,,,
Valandovo,41.31744,22.5600204,2020-03-31,0,,,,,,,,,,,,,
Gradsko,41.5774994,21.9427795,2020-03-31,0,,,,,,,,,,,,,
Dojran,41.18647,22.7203007,2020-03-31,0,,,,,,,,,,,,,
Skopje,41.99646,21.4314098,2020-04-01,8,,,,,,,,,,,,,
Bitola,41.0314293,21.3347397,2020-04-01,0,,,,,,,,,,,,,
Kumanovo,42.1322212,21.7144394,2020-04-01,7,,,,,,,,,,,,,
Prilep,41.3451385,21.5550404,2020-04-01,2,,,,,,,,,,,,,
Tetovo,42.0097313,20.97155,2020-04-01,3,,,,,,,,,,,,,
Veles,41.7155609,21.7755604,2020-04-01,0,,,,,,,,,,,,,
Ohrid,41.1172218,20.8019409,2020-04-01,0,,,,,,,,,,,,,
Gostivar,41.7960091,20.9081898,2020-04-01,0,,,,,,,,,,,,,
Shtip,41.7458305,22.1958294,2020-04-01,1,,,,,,,,,,,,,
Strumica,41.4375,22.6433296,2020-04-01,0,,,,,,,,,,,,,
Kavadarci,41.4330597,22.01194,2020-04-01,0,,,,,,,,,,,,,
Struga,41.17799,20.6778393,2020-04-01,2,,,,,,,,,,,,,
Kochani,41.9163895,22.4127808,2020-04-01,1,,,,,,,,,,,,,
Ki?evo,41.5126686,20.9588604,2020-04-01,0,,,,,,,,,,,,,
Radovis,41.6383286,22.4647198,2020-04-01,0,,,,,,,,,,,,,
Kriva Palanka,42.2008781,22.3324394,2020-04-01,0,,,,,,,,,,,,,
Gevgelija ,41.1416588,22.5014095,2020-04-01,1,,,,,,,,,,,,,
Negotino,41.4845581,22.0905609,2020-04-01,0,,,,,,,,,,,,,
Resen,41.0893402,21.0109196,2020-04-01,0,,,,,,,,,,,,,
Delcevo ,41.9672203,22.7694397,2020-04-01,0,,,,,,,,,,,,,
Debar,41.5244408,20.52421,2020-04-01,0,,,,,,,,,,,,,
Vinica,41.8827782,22.5091705,2020-04-01,0,,,,,,,,,,,,,
Berovo,41.7030602,22.8577805,2020-04-01,0,,,,,,,,,,,,,
Sveti Nikole,41.8695602,21.9527397,2020-04-01,0,,,,,,,,,,,,,
Probishtip,42.0030594,22.1786098,2020-04-01,0,,,,,,,,,,,,,
Kratovo,42.0783806,22.1807003,2020-04-01,0,,,,,,,,,,,,,
Bogdanci,41.2030602,22.5755596,2020-04-01,0,,,,,,,,,,,,,
Demir Kapija,41.4061317,22.2463093,2020-04-01,0,,,,,,,,,,,,,
Makedonski Brod ,41.5136108,21.2152805,2020-04-01,0,,,,,,,,,,,,,
Krusevo,41.3688889,21.2488899,2020-04-01,0,,,,,,,,,,,,,
Valandovo,41.31744,22.5600204,2020-04-01,0,,,,,,,,,,,,,
Gradsko,41.5774994,21.9427795,2020-04-01,0,,,,,,,,,,,,,
Dojran,41.18647,22.7203007,2020-04-01,0,,,,,,,,,,,,,
Skopje,41.99646,21.4314098,2020-04-02,12,,,,,,,,,,,,,
Bitola,41.0314293,21.3347397,2020-04-02,0,,,,,,,,,,,,,
Kumanovo,42.1322212,21.7144394,2020-04-02,8,,,,,,,,,,,,,
Prilep,41.3451385,21.5550404,2020-04-02,9,,,,,,,,,,,,,
Tetovo,42.0097313,20.97155,2020-04-02,0,,,,,,,,,,,,,
Veles,41.7155609,21.7755604,2020-04-02,0,,,,,,,,,,,,,
Ohrid,41.1172218,20.8019409,2020-04-02,0,,,,,,,,,,,,,
Gostivar,41.7960091,20.9081898,2020-04-02,0,,,,,,,,,,,,,
Shtip,41.7458305,22.1958294,2020-04-02,0,,,,,,,,,,,,,
Strumica,41.4375,22.6433296,2020-04-02,0,,,,,,,,,,,,,
Kavadarci,41.4330597,22.01194,2020-04-02,0,,,,,,,,,,,,,
Struga,41.17799,20.6778393,2020-04-02,0,,,,,,,,,,,,,
Kochani,41.9163895,22.4127808,2020-04-02,0,,,,,,,,,,,,,
Ki?evo,41.5126686,20.9588604,2020-04-02,0,,,,,,,,,,,,,
Radovis,41.6383286,22.4647198,2020-04-02,0,,,,,,,,,,,,,
Kriva Palanka,42.2008781,22.3324394,2020-04-02,1,,,,,,,,,,,,,
Gevgelija ,41.1416588,22.5014095,2020-04-02,0,,,,,,,,,,,,,
Negotino,41.4845581,22.0905609,2020-04-02,0,,,,,,,,,,,,,
Resen,41.0893402,21.0109196,2020-04-02,0,,,,,,,,,,,,,
Delcevo ,41.9672203,22.7694397,2020-04-02,0,,,,,,,,,,,,,
Debar,41.5244408,20.52421,2020-04-02,0,,,,,,,,,,,,,
Vinica,41.8827782,22.5091705,2020-04-02,0,,,,,,,,,,,,,
Berovo,41.7030602,22.8577805,2020-04-02,0,,,,,,,,,,,,,
Sveti Nikole,41.8695602,21.9527397,2020-04-02,0,,,,,,,,,,,,,
Probishtip,42.0030594,22.1786098,2020-04-02,0,,,,,,,,,,,,,
Kratovo,42.0783806,22.1807003,2020-04-02,0,,,,,,,,,,,,,
Bogdanci,41.2030602,22.5755596,2020-04-02,0,,,,,,,,,,,,,
Demir Kapija,41.4061317,22.2463093,2020-04-02,0,,,,,,,,,,,,,
Makedonski Brod ,41.5136108,21.2152805,2020-04-02,0,,,,,,,,,,,,,
Krusevo,41.3688889,21.2488899,2020-04-02,0,,,,,,,,,,,,,
Valandovo,41.31744,22.5600204,2020-04-02,0,,,,,,,,,,,,,
Gradsko,41.5774994,21.9427795,2020-04-02,0,,,,,,,,,,,,,
Dojran,41.18647,22.7203007,2020-04-02,0,,,,,,,,,,,,,
Skopje,41.99646,21.4314098,2020-04-03,13,,,,,,,,,,,,,
Bitola,41.0314293,21.3347397,2020-04-03,0,,,,,,,,,,,,,
Kumanovo,42.1322212,21.7144394,2020-04-03,23,,,,,,,,,,,,,
Prilep,41.3451385,21.5550404,2020-04-03,1,,,,,,,,,,,,,
Tetovo,42.0097313,20.97155,2020-04-03,2,,,,,,,,,,,,,
Veles,41.7155609,21.7755604,2020-04-03,2,,,,,,,,,,,,,
Ohrid,41.1172218,20.8019409,2020-04-03,0,,,,,,,,,,,,,
Gostivar,41.7960091,20.9081898,2020-04-03,1,,,,,,,,,,,,,
Shtip,41.7458305,22.1958294,2020-04-03,0,,,,,,,,,,,,,
Strumica,41.4375,22.6433296,2020-04-03,0,,,,,,,,,,,,,
Kavadarci,41.4330597,22.01194,2020-04-03,0,,,,,,,,,,,,,
Struga,41.17799,20.6778393,2020-04-03,0,,,,,,,,,,,,,
Kochani,41.9163895,22.4127808,2020-04-03,0,,,,,,,,,,,,,
Ki?evo,41.5126686,20.9588604,2020-04-03,0,,,,,,,,,,,,,
Radovis,41.6383286,22.4647198,2020-04-03,0,,,,,,,,,,,,,
Kriva Palanka,42.2008781,22.3324394,2020-04-03,0,,,,,,,,,,,,,
Gevgelija ,41.1416588,22.5014095,2020-04-03,2,,,,,,,,,,,,,
Negotino,41.4845581,22.0905609,2020-04-03,0,,,,,,,,,,,,,
Resen,41.0893402,21.0109196,2020-04-03,0,,,,,,,,,,,,,
Delcevo ,41.9672203,22.7694397,2020-04-03,0,,,,,,,,,,,,,
Debar,41.5244408,20.52421,2020-04-03,2,,,,,,,,,,,,,
Vinica,41.8827782,22.5091705,2020-04-03,0,,,,,,,,,,,,,
Berovo,41.7030602,22.8577805,2020-04-03,0,,,,,,,,,,,,,
Sveti Nikole,41.8695602,21.9527397,2020-04-03,0,,,,,,,,,,,,,
Probishtip,42.0030594,22.1786098,2020-04-03,0,,,,,,,,,,,,,
Kratovo,42.0783806,22.1807003,2020-04-03,0,,,,,,,,,,,,,
Bogdanci,41.2030602,22.5755596,2020-04-03,0,,,,,,,,,,,,,
Demir Kapija,41.4061317,22.2463093,2020-04-03,0,,,,,,,,,,,,,
Makedonski Brod ,41.5136108,21.2152805,2020-04-03,0,,,,,,,,,,,,,
Krusevo,41.3688889,21.2488899,2020-04-03,0,,,,,,,,,,,,,
Valandovo,41.31744,22.5600204,2020-04-03,0,,,,,,,,,,,,,
Gradsko,41.5774994,21.9427795,2020-04-03,0,,,,,,,,,,,,,
Dojran,41.18647,22.7203007,2020-04-03,0,,,,,,,,,,,,,
Skopje,41.99646,21.4314098,2020-04-04,13,,,,,,,,,,,,,
Bitola,41.0314293,21.3347397,2020-04-04,0,,,,,,,,,,,,,
Kumanovo,42.1322212,21.7144394,2020-04-04,8,,,,,,,,,,,,,
Prilep,41.3451385,21.5550404,2020-04-04,2,,,,,,,,,,,,,
Tetovo,42.0097313,20.97155,2020-04-04,2,,,,,,,,,,,,,
Veles,41.7155609,21.7755604,2020-04-04,1,,,,,,,,,,,,,
Ohrid,41.1172218,20.8019409,2020-04-04,0,,,,,,,,,,,,,
Gostivar,41.7960091,20.9081898,2020-04-04,2,,,,,,,,,,,,,
Shtip,41.7458305,22.1958294,2020-04-04,5,,,,,,,,,,,,,
Strumica,41.4375,22.6433296,2020-04-04,0,,,,,,,,,,,,,
Kavadarci,41.4330597,22.01194,2020-04-04,0,,,,,,,,,,,,,
Struga,41.17799,20.6778393,2020-04-04,14,,,,,,,,,,,,,
Kochani,41.9163895,22.4127808,2020-04-04,6,,,,,,,,,,,,,
Ki?evo,41.5126686,20.9588604,2020-04-04,0,,,,,,,,,,,,,
Radovis,41.6383286,22.4647198,2020-04-04,0,,,,,,,,,,,,,
Kriva Palanka,42.2008781,22.3324394,2020-04-04,0,,,,,,,,,,,,,
Gevgelija ,41.1416588,22.5014095,2020-04-04,0,,,,,,,,,,,,,
Negotino,41.4845581,22.0905609,2020-04-04,0,,,,,,,,,,,,,
Resen,41.0893402,21.0109196,2020-04-04,0,,,,,,,,,,,,,
Delcevo ,41.9672203,22.7694397,2020-04-04,0,,,,,,,,,,,,,
Debar,41.5244408,20.52421,2020-04-04,0,,,,,,,,,,,,,
Vinica,41.8827782,22.5091705,2020-04-04,0,,,,,,,,,,,,,
Berovo,41.7030602,22.8577805,2020-04-04,0,,,,,,,,,,,,,
Sveti Nikole,41.8695602,21.9527397,2020-04-04,0,,,,,,,,,,,,,
Probishtip,42.0030594,22.1786098,2020-04-04,0,,,,,,,,,,,,,
Kratovo,42.0783806,22.1807003,2020-04-04,0,,,,,,,,,,,,,
Bogdanci,41.2030602,22.5755596,2020-04-04,0,,,,,,,,,,,,,
Demir Kapija,41.4061317,22.2463093,2020-04-04,0,,,,,,,,,,,,,
Makedonski Brod ,41.5136108,21.2152805,2020-04-04,0,,,,,,,,,,,,,
Krusevo,41.3688889,21.2488899,2020-04-04,0,,,,,,,,,,,,,
Valandovo,41.31744,22.5600204,2020-04-04,0,,,,,,,,,,,,,
Gradsko,41.5774994,21.9427795,2020-04-04,0,,,,,,,,,,,,,
Dojran,41.18647,22.7203007,2020-04-04,0,,,,,,,,,,,,,
Skopje,41.99646,21.4314098,2020-04-05,14,,,,,,,,,,,,,
Bitola,41.0314293,21.3347397,2020-04-05,2,,,,,,,,,,,,,
Kumanovo,42.1322212,21.7144394,2020-04-05,21,,,,,,,,,,,,,
Prilep,41.3451385,21.5550404,2020-04-05,9,,,,,,,,,,,,,
Tetovo,42.0097313,20.97155,2020-04-05,12,,,,,,,,,,,,,
Veles,41.7155609,21.7755604,2020-04-05,1,,,,,,,,,,,,,
Ohrid,41.1172218,20.8019409,2020-04-05,0,,,,,,,,,,,,,
Gostivar,41.7960091,20.9081898,2020-04-05,1,,,,,,,,,,,,,
Shtip,41.7458305,22.1958294,2020-04-05,1,,,,,,,,,,,,,
Strumica,41.4375,22.6433296,2020-04-05,0,,,,,,,,,,,,,
Kavadarci,41.4330597,22.01194,2020-04-05,0,,,,,,,,,,,,,
Struga,41.17799,20.6778393,2020-04-05,1,,,,,,,,,,,,,
Kochani,41.9163895,22.4127808,2020-04-05,7,,,,,,,,,,,,,
Ki?evo,41.5126686,20.9588604,2020-04-05,0,,,,,,,,,,,,,
Radovis,41.6383286,22.4647198,2020-04-05,1,,,,,,,,,,,,,
Kriva Palanka,42.2008781,22.3324394,2020-04-05,0,,,,,,,,,,,,,
Gevgelija ,41.1416588,22.5014095,2020-04-05,0,,,,,,,,,,,,,
Negotino,41.4845581,22.0905609,2020-04-05,0,,,,,,,,,,,,,
Resen,41.0893402,21.0109196,2020-04-05,0,,,,,,,,,,,,,
Delcevo ,41.9672203,22.7694397,2020-04-05,0,,,,,,,,,,,,,
Debar,41.5244408,20.52421,2020-04-05,0,,,,,,,,,,,,,
Vinica,41.8827782,22.5091705,2020-04-05,0,,,,,,,,,,,,,
Berovo,41.7030602,22.8577805,2020-04-05,0,,,,,,,,,,,,,
Sveti Nikole,41.8695602,21.9527397,2020-04-05,0,,,,,,,,,,,,,
Probishtip,42.0030594,22.1786098,2020-04-05,0,,,,,,,,,,,,,
Kratovo,42.0783806,22.1807003,2020-04-05,0,,,,,,,,,,,,,
Bogdanci,41.2030602,22.5755596,2020-04-05,0,,,,,,,,,,,,,
Demir Kapija,41.4061317,22.2463093,2020-04-05,0,,,,,,,,,,,,,
Makedonski Brod ,41.5136108,21.2152805,2020-04-05,0,,,,,,,,,,,,,
Krusevo,41.3688889,21.2488899,2020-04-05,2,,,,,,,,,,,,,
Valandovo,41.31744,22.5600204,2020-04-05,0,,,,,,,,,,,,,
Gradsko,41.5774994,21.9427795,2020-04-05,0,,,,,,,,,,,,,
Dojran,41.18647,22.7203007,2020-04-05,0,,,,,,,,,,,,,
